,experiment_name,metric__mp.input.vdu01__stat__data__collisions,metric__mp.input.vdu01__stat__data__multicast,metric__mp.input.vdu01__stat__data__rx_bytes,metric__mp.input.vdu01__stat__data__rx_compressed,metric__mp.input.vdu01__stat__data__rx_crc_errors,metric__mp.input.vdu01__stat__data__rx_dropped,metric__mp.input.vdu01__stat__data__rx_errors,metric__mp.input.vdu01__stat__data__rx_fifo_errors,metric__mp.input.vdu01__stat__data__rx_frame_errors,metric__mp.input.vdu01__stat__data__rx_length_errors,metric__mp.input.vdu01__stat__data__rx_missed_errors,metric__mp.input.vdu01__stat__data__rx_nohandler,metric__mp.input.vdu01__stat__data__rx_over_errors,metric__mp.input.vdu01__stat__data__rx_packets,metric__mp.input.vdu01__stat__data__tx_aborted_errors,metric__mp.input.vdu01__stat__data__tx_bytes,metric__mp.input.vdu01__stat__data__tx_carrier_errors,metric__mp.input.vdu01__stat__data__tx_compressed,metric__mp.input.vdu01__stat__data__tx_dropped,metric__mp.input.vdu01__stat__data__tx_errors,metric__mp.input.vdu01__stat__data__tx_fifo_errors,metric__mp.input.vdu01__stat__data__tx_heartbeat_errors,metric__mp.input.vdu01__stat__data__tx_packets,metric__mp.input.vdu01__stat__data__tx_window_errors,metric__mp.input.vdu01__stat__eth0__collisions,metric__mp.input.vdu01__stat__eth0__multicast,metric__mp.input.vdu01__stat__eth0__rx_bytes,metric__mp.input.vdu01__stat__eth0__rx_compressed,metric__mp.input.vdu01__stat__eth0__rx_crc_errors,metric__mp.input.vdu01__stat__eth0__rx_dropped,metric__mp.input.vdu01__stat__eth0__rx_errors,metric__mp.input.vdu01__stat__eth0__rx_fifo_errors,metric__mp.input.vdu01__stat__eth0__rx_frame_errors,metric__mp.input.vdu01__stat__eth0__rx_length_errors,metric__mp.input.vdu01__stat__eth0__rx_missed_errors,metric__mp.input.vdu01__stat__eth0__rx_nohandler,metric__mp.input.vdu01__stat__eth0__rx_over_errors,metric__mp.input.vdu01__stat__eth0__rx_packets,metric__mp.input.vdu01__stat__eth0__tx_aborted_errors,metric__mp.input.vdu01__stat__eth0__tx_bytes,metric__mp.input.vdu01__stat__eth0__tx_carrier_errors,metric__mp.input.vdu01__stat__eth0__tx_compressed,metric__mp.input.vdu01__stat__eth0__tx_dropped,metric__mp.input.vdu01__stat__eth0__tx_errors,metric__mp.input.vdu01__stat__eth0__tx_fifo_errors,metric__mp.input.vdu01__stat__eth0__tx_heartbeat_errors,metric__mp.input.vdu01__stat__eth0__tx_packets,metric__mp.input.vdu01__stat__eth0__tx_window_errors,metric__mp.input.vdu01__stat__lo__collisions,metric__mp.input.vdu01__stat__lo__multicast,metric__mp.input.vdu01__stat__lo__rx_bytes,metric__mp.input.vdu01__stat__lo__rx_compressed,metric__mp.input.vdu01__stat__lo__rx_crc_errors,metric__mp.input.vdu01__stat__lo__rx_dropped,metric__mp.input.vdu01__stat__lo__rx_errors,metric__mp.input.vdu01__stat__lo__rx_fifo_errors,metric__mp.input.vdu01__stat__lo__rx_frame_errors,metric__mp.input.vdu01__stat__lo__rx_length_errors,metric__mp.input.vdu01__stat__lo__rx_missed_errors,metric__mp.input.vdu01__stat__lo__rx_nohandler,metric__mp.input.vdu01__stat__lo__rx_over_errors,metric__mp.input.vdu01__stat__lo__rx_packets,metric__mp.input.vdu01__stat__lo__tx_aborted_errors,metric__mp.input.vdu01__stat__lo__tx_bytes,metric__mp.input.vdu01__stat__lo__tx_carrier_errors,metric__mp.input.vdu01__stat__lo__tx_compressed,metric__mp.input.vdu01__stat__lo__tx_dropped,metric__mp.input.vdu01__stat__lo__tx_errors,metric__mp.input.vdu01__stat__lo__tx_fifo_errors,metric__mp.input.vdu01__stat__lo__tx_heartbeat_errors,metric__mp.input.vdu01__stat__lo__tx_packets,metric__mp.input.vdu01__stat__lo__tx_window_errors,metric__mp.output.vdu01__stat__data__collisions,metric__mp.output.vdu01__stat__data__multicast,metric__mp.output.vdu01__stat__data__rx_bytes,metric__mp.output.vdu01__stat__data__rx_compressed,metric__mp.output.vdu01__stat__data__rx_crc_errors,metric__mp.output.vdu01__stat__data__rx_dropped,metric__mp.output.vdu01__stat__data__rx_errors,metric__mp.output.vdu01__stat__data__rx_fifo_errors,metric__mp.output.vdu01__stat__data__rx_frame_errors,metric__mp.output.vdu01__stat__data__rx_length_errors,metric__mp.output.vdu01__stat__data__rx_missed_errors,metric__mp.output.vdu01__stat__data__rx_nohandler,metric__mp.output.vdu01__stat__data__rx_over_errors,metric__mp.output.vdu01__stat__data__rx_packets,metric__mp.output.vdu01__stat__data__tx_aborted_errors,metric__mp.output.vdu01__stat__data__tx_bytes,metric__mp.output.vdu01__stat__data__tx_carrier_errors,metric__mp.output.vdu01__stat__data__tx_compressed,metric__mp.output.vdu01__stat__data__tx_dropped,metric__mp.output.vdu01__stat__data__tx_errors,metric__mp.output.vdu01__stat__data__tx_fifo_errors,metric__mp.output.vdu01__stat__data__tx_heartbeat_errors,metric__mp.output.vdu01__stat__data__tx_packets,metric__mp.output.vdu01__stat__data__tx_window_errors,metric__mp.output.vdu01__stat__eth0__collisions,metric__mp.output.vdu01__stat__eth0__multicast,metric__mp.output.vdu01__stat__eth0__rx_bytes,metric__mp.output.vdu01__stat__eth0__rx_compressed,metric__mp.output.vdu01__stat__eth0__rx_crc_errors,metric__mp.output.vdu01__stat__eth0__rx_dropped,metric__mp.output.vdu01__stat__eth0__rx_errors,metric__mp.output.vdu01__stat__eth0__rx_fifo_errors,metric__mp.output.vdu01__stat__eth0__rx_frame_errors,metric__mp.output.vdu01__stat__eth0__rx_length_errors,metric__mp.output.vdu01__stat__eth0__rx_missed_errors,metric__mp.output.vdu01__stat__eth0__rx_nohandler,metric__mp.output.vdu01__stat__eth0__rx_over_errors,metric__mp.output.vdu01__stat__eth0__rx_packets,metric__mp.output.vdu01__stat__eth0__tx_aborted_errors,metric__mp.output.vdu01__stat__eth0__tx_bytes,metric__mp.output.vdu01__stat__eth0__tx_carrier_errors,metric__mp.output.vdu01__stat__eth0__tx_compressed,metric__mp.output.vdu01__stat__eth0__tx_dropped,metric__mp.output.vdu01__stat__eth0__tx_errors,metric__mp.output.vdu01__stat__eth0__tx_fifo_errors,metric__mp.output.vdu01__stat__eth0__tx_heartbeat_errors,metric__mp.output.vdu01__stat__eth0__tx_packets,metric__mp.output.vdu01__stat__eth0__tx_window_errors,metric__mp.output.vdu01__stat__lo__collisions,metric__mp.output.vdu01__stat__lo__multicast,metric__mp.output.vdu01__stat__lo__rx_bytes,metric__mp.output.vdu01__stat__lo__rx_compressed,metric__mp.output.vdu01__stat__lo__rx_crc_errors,metric__mp.output.vdu01__stat__lo__rx_dropped,metric__mp.output.vdu01__stat__lo__rx_errors,metric__mp.output.vdu01__stat__lo__rx_fifo_errors,metric__mp.output.vdu01__stat__lo__rx_frame_errors,metric__mp.output.vdu01__stat__lo__rx_length_errors,metric__mp.output.vdu01__stat__lo__rx_missed_errors,metric__mp.output.vdu01__stat__lo__rx_nohandler,metric__mp.output.vdu01__stat__lo__rx_over_errors,metric__mp.output.vdu01__stat__lo__rx_packets,metric__mp.output.vdu01__stat__lo__tx_aborted_errors,metric__mp.output.vdu01__stat__lo__tx_bytes,metric__mp.output.vdu01__stat__lo__tx_carrier_errors,metric__mp.output.vdu01__stat__lo__tx_compressed,metric__mp.output.vdu01__stat__lo__tx_dropped,metric__mp.output.vdu01__stat__lo__tx_errors,metric__mp.output.vdu01__stat__lo__tx_fifo_errors,metric__mp.output.vdu01__stat__lo__tx_heartbeat_errors,metric__mp.output.vdu01__stat__lo__tx_packets,metric__mp.output.vdu01__stat__lo__tx_window_errors,metric__vnf0.vdu01__stat__br0__collisions,metric__vnf0.vdu01__stat__br0__multicast,metric__vnf0.vdu01__stat__br0__rx_bytes,metric__vnf0.vdu01__stat__br0__rx_compressed,metric__vnf0.vdu01__stat__br0__rx_crc_errors,metric__vnf0.vdu01__stat__br0__rx_dropped,metric__vnf0.vdu01__stat__br0__rx_errors,metric__vnf0.vdu01__stat__br0__rx_fifo_errors,metric__vnf0.vdu01__stat__br0__rx_frame_errors,metric__vnf0.vdu01__stat__br0__rx_length_errors,metric__vnf0.vdu01__stat__br0__rx_missed_errors,metric__vnf0.vdu01__stat__br0__rx_nohandler,metric__vnf0.vdu01__stat__br0__rx_over_errors,metric__vnf0.vdu01__stat__br0__rx_packets,metric__vnf0.vdu01__stat__br0__tx_aborted_errors,metric__vnf0.vdu01__stat__br0__tx_bytes,metric__vnf0.vdu01__stat__br0__tx_carrier_errors,metric__vnf0.vdu01__stat__br0__tx_compressed,metric__vnf0.vdu01__stat__br0__tx_dropped,metric__vnf0.vdu01__stat__br0__tx_errors,metric__vnf0.vdu01__stat__br0__tx_fifo_errors,metric__vnf0.vdu01__stat__br0__tx_heartbeat_errors,metric__vnf0.vdu01__stat__br0__tx_packets,metric__vnf0.vdu01__stat__br0__tx_window_errors,metric__vnf0.vdu01__stat__eth0__collisions,metric__vnf0.vdu01__stat__eth0__multicast,metric__vnf0.vdu01__stat__eth0__rx_bytes,metric__vnf0.vdu01__stat__eth0__rx_compressed,metric__vnf0.vdu01__stat__eth0__rx_crc_errors,metric__vnf0.vdu01__stat__eth0__rx_dropped,metric__vnf0.vdu01__stat__eth0__rx_errors,metric__vnf0.vdu01__stat__eth0__rx_fifo_errors,metric__vnf0.vdu01__stat__eth0__rx_frame_errors,metric__vnf0.vdu01__stat__eth0__rx_length_errors,metric__vnf0.vdu01__stat__eth0__rx_missed_errors,metric__vnf0.vdu01__stat__eth0__rx_nohandler,metric__vnf0.vdu01__stat__eth0__rx_over_errors,metric__vnf0.vdu01__stat__eth0__rx_packets,metric__vnf0.vdu01__stat__eth0__tx_aborted_errors,metric__vnf0.vdu01__stat__eth0__tx_bytes,metric__vnf0.vdu01__stat__eth0__tx_carrier_errors,metric__vnf0.vdu01__stat__eth0__tx_compressed,metric__vnf0.vdu01__stat__eth0__tx_dropped,metric__vnf0.vdu01__stat__eth0__tx_errors,metric__vnf0.vdu01__stat__eth0__tx_fifo_errors,metric__vnf0.vdu01__stat__eth0__tx_heartbeat_errors,metric__vnf0.vdu01__stat__eth0__tx_packets,metric__vnf0.vdu01__stat__eth0__tx_window_errors,metric__vnf0.vdu01__stat__input__collisions,metric__vnf0.vdu01__stat__input__multicast,metric__vnf0.vdu01__stat__input__rx_bytes,metric__vnf0.vdu01__stat__input__rx_compressed,metric__vnf0.vdu01__stat__input__rx_crc_errors,metric__vnf0.vdu01__stat__input__rx_dropped,metric__vnf0.vdu01__stat__input__rx_errors,metric__vnf0.vdu01__stat__input__rx_fifo_errors,metric__vnf0.vdu01__stat__input__rx_frame_errors,metric__vnf0.vdu01__stat__input__rx_length_errors,metric__vnf0.vdu01__stat__input__rx_missed_errors,metric__vnf0.vdu01__stat__input__rx_nohandler,metric__vnf0.vdu01__stat__input__rx_over_errors,metric__vnf0.vdu01__stat__input__rx_packets,metric__vnf0.vdu01__stat__input__tx_aborted_errors,metric__vnf0.vdu01__stat__input__tx_bytes,metric__vnf0.vdu01__stat__input__tx_carrier_errors,metric__vnf0.vdu01__stat__input__tx_compressed,metric__vnf0.vdu01__stat__input__tx_dropped,metric__vnf0.vdu01__stat__input__tx_errors,metric__vnf0.vdu01__stat__input__tx_fifo_errors,metric__vnf0.vdu01__stat__input__tx_heartbeat_errors,metric__vnf0.vdu01__stat__input__tx_packets,metric__vnf0.vdu01__stat__input__tx_window_errors,metric__vnf0.vdu01__stat__lo__collisions,metric__vnf0.vdu01__stat__lo__multicast,metric__vnf0.vdu01__stat__lo__rx_bytes,metric__vnf0.vdu01__stat__lo__rx_compressed,metric__vnf0.vdu01__stat__lo__rx_crc_errors,metric__vnf0.vdu01__stat__lo__rx_dropped,metric__vnf0.vdu01__stat__lo__rx_errors,metric__vnf0.vdu01__stat__lo__rx_fifo_errors,metric__vnf0.vdu01__stat__lo__rx_frame_errors,metric__vnf0.vdu01__stat__lo__rx_length_errors,metric__vnf0.vdu01__stat__lo__rx_missed_errors,metric__vnf0.vdu01__stat__lo__rx_nohandler,metric__vnf0.vdu01__stat__lo__rx_over_errors,metric__vnf0.vdu01__stat__lo__rx_packets,metric__vnf0.vdu01__stat__lo__tx_aborted_errors,metric__vnf0.vdu01__stat__lo__tx_bytes,metric__vnf0.vdu01__stat__lo__tx_carrier_errors,metric__vnf0.vdu01__stat__lo__tx_compressed,metric__vnf0.vdu01__stat__lo__tx_dropped,metric__vnf0.vdu01__stat__lo__tx_errors,metric__vnf0.vdu01__stat__lo__tx_fifo_errors,metric__vnf0.vdu01__stat__lo__tx_heartbeat_errors,metric__vnf0.vdu01__stat__lo__tx_packets,metric__vnf0.vdu01__stat__lo__tx_window_errors,metric__vnf0.vdu01__stat__mgmt__collisions,metric__vnf0.vdu01__stat__mgmt__multicast,metric__vnf0.vdu01__stat__mgmt__rx_bytes,metric__vnf0.vdu01__stat__mgmt__rx_compressed,metric__vnf0.vdu01__stat__mgmt__rx_crc_errors,metric__vnf0.vdu01__stat__mgmt__rx_dropped,metric__vnf0.vdu01__stat__mgmt__rx_errors,metric__vnf0.vdu01__stat__mgmt__rx_fifo_errors,metric__vnf0.vdu01__stat__mgmt__rx_frame_errors,metric__vnf0.vdu01__stat__mgmt__rx_length_errors,metric__vnf0.vdu01__stat__mgmt__rx_missed_errors,metric__vnf0.vdu01__stat__mgmt__rx_nohandler,metric__vnf0.vdu01__stat__mgmt__rx_over_errors,metric__vnf0.vdu01__stat__mgmt__rx_packets,metric__vnf0.vdu01__stat__mgmt__tx_aborted_errors,metric__vnf0.vdu01__stat__mgmt__tx_bytes,metric__vnf0.vdu01__stat__mgmt__tx_carrier_errors,metric__vnf0.vdu01__stat__mgmt__tx_compressed,metric__vnf0.vdu01__stat__mgmt__tx_dropped,metric__vnf0.vdu01__stat__mgmt__tx_errors,metric__vnf0.vdu01__stat__mgmt__tx_fifo_errors,metric__vnf0.vdu01__stat__mgmt__tx_heartbeat_errors,metric__vnf0.vdu01__stat__mgmt__tx_packets,metric__vnf0.vdu01__stat__mgmt__tx_window_errors,metric__vnf0.vdu01__stat__output__collisions,metric__vnf0.vdu01__stat__output__multicast,metric__vnf0.vdu01__stat__output__rx_bytes,metric__vnf0.vdu01__stat__output__rx_compressed,metric__vnf0.vdu01__stat__output__rx_crc_errors,metric__vnf0.vdu01__stat__output__rx_dropped,metric__vnf0.vdu01__stat__output__rx_errors,metric__vnf0.vdu01__stat__output__rx_fifo_errors,metric__vnf0.vdu01__stat__output__rx_frame_errors,metric__vnf0.vdu01__stat__output__rx_length_errors,metric__vnf0.vdu01__stat__output__rx_missed_errors,metric__vnf0.vdu01__stat__output__rx_nohandler,metric__vnf0.vdu01__stat__output__rx_over_errors,metric__vnf0.vdu01__stat__output__rx_packets,metric__vnf0.vdu01__stat__output__tx_aborted_errors,metric__vnf0.vdu01__stat__output__tx_bytes,metric__vnf0.vdu01__stat__output__tx_carrier_errors,metric__vnf0.vdu01__stat__output__tx_compressed,metric__vnf0.vdu01__stat__output__tx_dropped,metric__vnf0.vdu01__stat__output__tx_errors,metric__vnf0.vdu01__stat__output__tx_fifo_errors,metric__vnf0.vdu01__stat__output__tx_heartbeat_errors,metric__vnf0.vdu01__stat__output__tx_packets,metric__vnf0.vdu01__stat__output__tx_window_errors,metric__vnf0.vdu01__suricata_bytes,metric__vnf0.vdu01__suricata_dropped,metric__vnf0.vdu01__suricata_drops,metric__vnf0.vdu01__suricata_packets,param__func__de.upb.ids-suricata.0.1__cmd_start,param__func__de.upb.ids-suricata.0.1__cmd_stop,param__func__de.upb.ids-suricata.0.1__cpu_bw,param__func__de.upb.ids-suricata.0.1__cpu_cores,param__func__de.upb.ids-suricata.0.1__io_bw,param__func__de.upb.ids-suricata.0.1__mem_max,param__func__de.upb.ids-suricata.0.1__mem_swap_max,param__func__mp.input__cmd_start,param__func__mp.input__cmd_stop,param__func__mp.input__cpu_bw,param__func__mp.input__cpu_cores,param__func__mp.input__io_bw,param__func__mp.input__mem_max,param__func__mp.input__mem_swap_max,param__func__mp.output__cmd_start,param__func__mp.output__cmd_stop,param__func__mp.output__cpu_bw,param__func__mp.output__cpu_cores,param__func__mp.output__io_bw,param__func__mp.output__mem_max,param__func__mp.output__mem_swap_max,param__header__all__repetition,param__header__all__time_limit,param__mp__mp.input__address,param__mp__mp.input__connection_point,param__mp__mp.input__container,param__mp__mp.input__name,param__mp__mp.output__address,param__mp__mp.output__connection_point,param__mp__mp.output__container,param__mp__mp.output__name,run_id
0,suricata_performance_cpu_cores_memory_00000,0.0,0.0,1186.0,0.0,0.0,0.0,0.0,0.0,0.0,0.0,0.0,0.0,0.0,15.0,0.0,9216531000.0,0.0,0.0,0.0,0.0,0.0,0.0,14261000.0,0.0,0.0,0.0,726.0,0.0,0.0,0.0,0.0,0.0,0.0,0.0,0.0,0.0,0.0,9.0,0.0,0.0,0.0,0.0,0.0,0.0,0.0,0.0,0.0,0.0,0.0,0.0,0.0,0.0,0.0,0.0,0.0,0.0,0.0,0.0,0.0,0.0,0.0,0.0,0.0,0.0,0.0,0.0,0.0,0.0,0.0,0.0,0.0,0.0,0.0,0.0,11332047.0,0.0,0.0,0.0,0.0,0.0,0.0,0.0,0.0,0.0,0.0,89020.0,0.0,0.0,0.0,0.0,0.0,0.0,0.0,0.0,0.0,0.0,0.0,0.0,906.0,0.0,0.0,0.0,0.0,0.0,0.0,0.0,0.0,0.0,0.0,11.0,0.0,0.0,0.0,0.0,0.0,0.0,0.0,0.0,0.0,0.0,0.0,0.0,0.0,0.0,0.0,0.0,0.0,0.0,0.0,0.0,0.0,0.0,0.0,0.0,0.0,0.0,0.0,0.0,0.0,0.0,0.0,0.0,0.0,0.0,0.0,0.0,8811892369.0,0.0,0.0,0.0,0.0,0.0,0.0,0.0,0.0,0.0,0.0,13951237.0,0.0,0.0,0.0,0.0,0.0,0.0,0.0,0.0,0.0,0.0,0.0,0.0,726.0,0.0,0.0,0.0,0.0,0.0,0.0,0.0,0.0,0.0,0.0,9.0,0.0,0.0,0.0,0.0,0.0,0.0,0.0,0.0,0.0,0.0,0.0,0.0,9216531726.0,0.0,0.0,0.0,0.0,0.0,0.0,0.0,0.0,0.0,0.0,14261009.0,0.0,460.0,0.0,0.0,0.0,0.0,0.0,0.0,6.0,0.0,0.0,0.0,0.0,0.0,0.0,0.0,0.0,0.0,0.0,0.0,0.0,0.0,0.0,0.0,0.0,0.0,0.0,0.0,0.0,0.0,0.0,0.0,0.0,0.0,0.0,0.0,726.0,0.0,0.0,0.0,0.0,0.0,0.0,0.0,0.0,0.0,0.0,9.0,0.0,0.0,0.0,0.0,0.0,0.0,0.0,0.0,0.0,0.0,0.0,0.0,726.0,0.0,0.0,0.0,0.0,0.0,0.0,0.0,0.0,0.0,0.0,9.0,0.0,11331321.0,0.0,0.0,0.0,0.0,0.0,0.0,89011.0,0.0,126474064.275,170305.75,0.4550358044710634,205760.35,./start.sh small_ruleset,./stop.sh,1.0,0,,2048,,tcpreplay -i data -tK --loop 1000 --preload-pcap /pcaps/smallFlows.pcap,./stop.sh,,14,,1024,,,./stop.sh,,15,,1024,,0,30,20.0.0.1/24,ns:input,mpeuster/tng-bench-mp,mp.input,20.0.0.254/24,ns:output,mpeuster/tng-bench-mp,mp.output,0
1,suricata_performance_cpu_cores_memory_00001,0.0,0.0,1186.0,0.0,0.0,0.0,0.0,0.0,0.0,0.0,0.0,0.0,0.0,15.0,0.0,7151192906.0,0.0,0.0,0.0,0.0,0.0,0.0,15930200.0,0.0,0.0,0.0,726.0,0.0,0.0,0.0,0.0,0.0,0.0,0.0,0.0,0.0,0.0,9.0,0.0,0.0,0.0,0.0,0.0,0.0,0.0,0.0,0.0,0.0,0.0,0.0,0.0,0.0,0.0,0.0,0.0,0.0,0.0,0.0,0.0,0.0,0.0,0.0,0.0,0.0,0.0,0.0,0.0,0.0,0.0,0.0,0.0,0.0,0.0,0.0,4385125.0,0.0,0.0,0.0,0.0,0.0,0.0,0.0,0.0,0.0,0.0,33771.0,0.0,0.0,0.0,0.0,0.0,0.0,0.0,0.0,0.0,0.0,0.0,0.0,906.0,0.0,0.0,0.0,0.0,0.0,0.0,0.0,0.0,0.0,0.0,11.0,0.0,0.0,0.0,0.0,0.0,0.0,0.0,0.0,0.0,0.0,0.0,0.0,0.0,0.0,0.0,0.0,0.0,0.0,0.0,0.0,0.0,0.0,0.0,0.0,0.0,0.0,0.0,0.0,0.0,0.0,0.0,0.0,0.0,0.0,0.0,0.0,7510344407.0,0.0,0.0,0.0,0.0,0.0,0.0,0.0,0.0,0.0,0.0,17356110.0,0.0,0.0,0.0,0.0,0.0,0.0,0.0,0.0,0.0,0.0,0.0,0.0,726.0,0.0,0.0,0.0,0.0,0.0,0.0,0.0,0.0,0.0,0.0,9.0,0.0,0.0,0.0,0.0,0.0,0.0,0.0,0.0,0.0,0.0,0.0,0.0,8233187782.0,0.0,0.0,0.0,0.0,0.0,0.0,0.0,0.0,0.0,0.0,18337683.0,0.0,460.0,0.0,0.0,0.0,0.0,0.0,0.0,6.0,0.0,0.0,0.0,0.0,0.0,0.0,0.0,0.0,0.0,0.0,0.0,0.0,0.0,0.0,0.0,0.0,0.0,0.0,0.0,0.0,0.0,0.0,0.0,0.0,0.0,0.0,0.0,726.0,0.0,0.0,0.0,0.0,0.0,0.0,0.0,0.0,0.0,0.0,9.0,0.0,0.0,0.0,0.0,0.0,0.0,0.0,0.0,0.0,0.0,0.0,0.0,726.0,0.0,0.0,0.0,0.0,0.0,0.0,0.0,0.0,0.0,0.0,9.0,0.0,4880293.0,0.0,0.0,0.0,0.0,0.0,0.0,37634.0,0.0,159718788.0,126638.0,0.23823189411832207,405825.0,./start.sh small_ruleset,./stop.sh,1.0,0,,2048,,tcpreplay -i data -tK --loop 1000 --preload-pcap /pcaps/bigFlows.pcap,./stop.sh,,14,,1024,,,./stop.sh,,15,,1024,,0,30,20.0.0.1/24,ns:input,mpeuster/tng-bench-mp,mp.input,20.0.0.254/24,ns:output,mpeuster/tng-bench-mp,mp.output,1
2,suricata_performance_cpu_cores_memory_00002,0.0,0.0,1186.0,0.0,0.0,0.0,0.0,0.0,0.0,0.0,0.0,0.0,0.0,15.0,0.0,9216531000.0,0.0,0.0,0.0,0.0,0.0,0.0,14261000.0,0.0,0.0,0.0,726.0,0.0,0.0,0.0,0.0,0.0,0.0,0.0,0.0,0.0,0.0,9.0,0.0,0.0,0.0,0.0,0.0,0.0,0.0,0.0,0.0,0.0,0.0,0.0,0.0,0.0,0.0,0.0,0.0,0.0,0.0,0.0,0.0,0.0,0.0,0.0,0.0,0.0,0.0,0.0,0.0,0.0,0.0,0.0,0.0,0.0,0.0,0.0,11331707.0,0.0,0.0,0.0,0.0,0.0,0.0,0.0,0.0,0.0,0.0,89021.0,0.0,0.0,0.0,0.0,0.0,0.0,0.0,0.0,0.0,0.0,0.0,0.0,906.0,0.0,0.0,0.0,0.0,0.0,0.0,0.0,0.0,0.0,0.0,11.0,0.0,0.0,0.0,0.0,0.0,0.0,0.0,0.0,0.0,0.0,0.0,0.0,0.0,0.0,0.0,0.0,0.0,0.0,0.0,0.0,0.0,0.0,0.0,0.0,0.0,0.0,0.0,0.0,0.0,0.0,0.0,0.0,0.0,0.0,0.0,0.0,8893096181.0,0.0,0.0,0.0,0.0,0.0,0.0,0.0,0.0,0.0,0.0,14079593.0,0.0,0.0,0.0,0.0,0.0,0.0,0.0,0.0,0.0,0.0,0.0,0.0,726.0,0.0,0.0,0.0,0.0,0.0,0.0,0.0,0.0,0.0,0.0,9.0,0.0,0.0,0.0,0.0,0.0,0.0,0.0,0.0,0.0,0.0,0.0,0.0,9216531726.0,0.0,0.0,0.0,0.0,0.0,0.0,0.0,0.0,0.0,0.0,14261009.0,0.0,460.0,0.0,0.0,0.0,0.0,0.0,0.0,6.0,0.0,0.0,0.0,0.0,0.0,0.0,0.0,0.0,0.0,0.0,0.0,0.0,0.0,0.0,0.0,0.0,0.0,0.0,0.0,0.0,0.0,0.0,0.0,0.0,0.0,0.0,0.0,726.0,0.0,0.0,0.0,0.0,0.0,0.0,0.0,0.0,0.0,0.0,9.0,0.0,0.0,0.0,0.0,0.0,0.0,0.0,0.0,0.0,0.0,0.0,0.0,726.0,0.0,0.0,0.0,0.0,0.0,0.0,0.0,0.0,0.0,0.0,9.0,0.0,11330981.0,0.0,0.0,0.0,0.0,0.0,0.0,89012.0,0.0,151114231.625,195820.25,0.44348337378266295,246783.375,./start.sh small_ruleset,./stop.sh,1.0,0,,4096,,tcpreplay -i data -tK --loop 1000 --preload-pcap /pcaps/smallFlows.pcap,./stop.sh,,14,,1024,,,./stop.sh,,15,,1024,,0,30,20.0.0.1/24,ns:input,mpeuster/tng-bench-mp,mp.input,20.0.0.254/24,ns:output,mpeuster/tng-bench-mp,mp.output,2
3,suricata_performance_cpu_cores_memory_00003,0.0,0.0,956.0,0.0,0.0,0.0,0.0,0.0,0.0,0.0,0.0,0.0,0.0,12.0,0.0,7028129109.0,0.0,0.0,0.0,0.0,0.0,0.0,15662647.0,0.0,0.0,0.0,726.0,0.0,0.0,0.0,0.0,0.0,0.0,0.0,0.0,0.0,0.0,9.0,0.0,0.0,0.0,0.0,0.0,0.0,0.0,0.0,0.0,0.0,0.0,0.0,0.0,0.0,0.0,0.0,0.0,0.0,0.0,0.0,0.0,0.0,0.0,0.0,0.0,0.0,0.0,0.0,0.0,0.0,0.0,0.0,0.0,0.0,0.0,0.0,4256741.0,0.0,0.0,0.0,0.0,0.0,0.0,0.0,0.0,0.0,0.0,32791.0,0.0,0.0,0.0,0.0,0.0,0.0,0.0,0.0,0.0,0.0,0.0,0.0,906.0,0.0,0.0,0.0,0.0,0.0,0.0,0.0,0.0,0.0,0.0,11.0,0.0,0.0,0.0,0.0,0.0,0.0,0.0,0.0,0.0,0.0,0.0,0.0,0.0,0.0,0.0,0.0,0.0,0.0,0.0,0.0,0.0,0.0,0.0,0.0,0.0,0.0,0.0,0.0,0.0,0.0,0.0,0.0,0.0,0.0,0.0,0.0,7269132962.0,0.0,0.0,0.0,0.0,0.0,0.0,0.0,0.0,0.0,0.0,16787432.0,0.0,0.0,0.0,0.0,0.0,0.0,0.0,0.0,0.0,0.0,0.0,0.0,726.0,0.0,0.0,0.0,0.0,0.0,0.0,0.0,0.0,0.0,0.0,9.0,0.0,0.0,0.0,0.0,0.0,0.0,0.0,0.0,0.0,0.0,0.0,0.0,8000172172.0,0.0,0.0,0.0,0.0,0.0,0.0,0.0,0.0,0.0,0.0,17817501.0,0.0,300.0,0.0,0.0,0.0,0.0,0.0,0.0,4.0,0.0,0.0,0.0,0.0,0.0,0.0,0.0,0.0,0.0,0.0,0.0,0.0,0.0,0.0,0.0,0.0,0.0,0.0,0.0,0.0,0.0,0.0,0.0,0.0,0.0,0.0,0.0,726.0,0.0,0.0,0.0,0.0,0.0,0.0,0.0,0.0,0.0,0.0,9.0,0.0,0.0,0.0,0.0,0.0,0.0,0.0,0.0,0.0,0.0,0.0,0.0,726.0,0.0,0.0,0.0,0.0,0.0,0.0,0.0,0.0,0.0,0.0,9.0,0.0,4742551.0,0.0,0.0,0.0,0.0,0.0,0.0,36531.0,0.0,159162579.75,120918.25,0.23036084418602878,404406.25,./start.sh small_ruleset,./stop.sh,1.0,0,,4096,,tcpreplay -i data -tK --loop 1000 --preload-pcap /pcaps/bigFlows.pcap,./stop.sh,,14,,1024,,,./stop.sh,,15,,1024,,0,30,20.0.0.1/24,ns:input,mpeuster/tng-bench-mp,mp.input,20.0.0.254/24,ns:output,mpeuster/tng-bench-mp,mp.output,3
4,suricata_performance_cpu_cores_memory_00004,0.0,0.0,886.0,0.0,0.0,0.0,0.0,0.0,0.0,0.0,0.0,0.0,0.0,11.0,0.0,9216531000.0,0.0,0.0,0.0,0.0,0.0,0.0,14261000.0,0.0,0.0,0.0,726.0,0.0,0.0,0.0,0.0,0.0,0.0,0.0,0.0,0.0,0.0,9.0,0.0,0.0,0.0,0.0,0.0,0.0,0.0,0.0,0.0,0.0,0.0,0.0,0.0,0.0,0.0,0.0,0.0,0.0,0.0,0.0,0.0,0.0,0.0,0.0,0.0,0.0,0.0,0.0,0.0,0.0,0.0,0.0,0.0,0.0,0.0,0.0,11330554.0,0.0,0.0,0.0,0.0,0.0,0.0,0.0,0.0,0.0,0.0,89018.0,0.0,0.0,0.0,0.0,0.0,0.0,0.0,0.0,0.0,0.0,0.0,0.0,906.0,0.0,0.0,0.0,0.0,0.0,0.0,0.0,0.0,0.0,0.0,11.0,0.0,0.0,0.0,0.0,0.0,0.0,0.0,0.0,0.0,0.0,0.0,0.0,0.0,0.0,0.0,0.0,0.0,0.0,0.0,0.0,0.0,0.0,0.0,0.0,0.0,0.0,0.0,0.0,0.0,0.0,0.0,0.0,0.0,0.0,0.0,0.0,8870384636.0,0.0,0.0,0.0,0.0,0.0,0.0,0.0,0.0,0.0,0.0,14043999.0,0.0,0.0,0.0,0.0,0.0,0.0,0.0,0.0,0.0,0.0,0.0,0.0,726.0,0.0,0.0,0.0,0.0,0.0,0.0,0.0,0.0,0.0,0.0,9.0,0.0,0.0,0.0,0.0,0.0,0.0,0.0,0.0,0.0,0.0,0.0,0.0,9216531726.0,0.0,0.0,0.0,0.0,0.0,0.0,0.0,0.0,0.0,0.0,14261009.0,0.0,300.0,0.0,0.0,0.0,0.0,0.0,0.0,4.0,0.0,0.0,0.0,0.0,0.0,0.0,0.0,0.0,0.0,0.0,0.0,0.0,0.0,0.0,0.0,0.0,0.0,0.0,0.0,0.0,0.0,0.0,0.0,0.0,0.0,0.0,0.0,726.0,0.0,0.0,0.0,0.0,0.0,0.0,0.0,0.0,0.0,0.0,9.0,0.0,0.0,0.0,0.0,0.0,0.0,0.0,0.0,0.0,0.0,0.0,0.0,726.0,0.0,0.0,0.0,0.0,0.0,0.0,0.0,0.0,0.0,0.0,9.0,0.0,11329828.0,0.0,0.0,0.0,0.0,0.0,0.0,89009.0,0.0,129534135.875,217082.125,0.5096322498647902,204442.875,./start.sh small_ruleset,./stop.sh,1.0,"0, 1",,2048,,tcpreplay -i data -tK --loop 1000 --preload-pcap /pcaps/smallFlows.pcap,./stop.sh,,14,,1024,,,./stop.sh,,15,,1024,,0,30,20.0.0.1/24,ns:input,mpeuster/tng-bench-mp,mp.input,20.0.0.254/24,ns:output,mpeuster/tng-bench-mp,mp.output,4
5,suricata_performance_cpu_cores_memory_00005,0.0,0.0,1116.0,0.0,0.0,0.0,0.0,0.0,0.0,0.0,0.0,0.0,0.0,14.0,0.0,6795085670.0,0.0,0.0,0.0,0.0,0.0,0.0,15137097.0,0.0,0.0,0.0,656.0,0.0,0.0,0.0,0.0,0.0,0.0,0.0,0.0,0.0,0.0,8.0,0.0,0.0,0.0,0.0,0.0,0.0,0.0,0.0,0.0,0.0,0.0,0.0,0.0,0.0,0.0,0.0,0.0,0.0,0.0,0.0,0.0,0.0,0.0,0.0,0.0,0.0,0.0,0.0,0.0,0.0,0.0,0.0,0.0,0.0,0.0,0.0,4116420.0,0.0,0.0,0.0,0.0,0.0,0.0,0.0,0.0,0.0,0.0,31702.0,0.0,0.0,0.0,0.0,0.0,0.0,0.0,0.0,0.0,0.0,0.0,0.0,836.0,0.0,0.0,0.0,0.0,0.0,0.0,0.0,0.0,0.0,0.0,10.0,0.0,0.0,0.0,0.0,0.0,0.0,0.0,0.0,0.0,0.0,0.0,0.0,0.0,0.0,0.0,0.0,0.0,0.0,0.0,0.0,0.0,0.0,0.0,0.0,0.0,0.0,0.0,0.0,0.0,0.0,0.0,0.0,0.0,0.0,0.0,0.0,6947915152.0,0.0,0.0,0.0,0.0,0.0,0.0,0.0,0.0,0.0,0.0,16042113.0,0.0,0.0,0.0,0.0,0.0,0.0,0.0,0.0,0.0,0.0,0.0,0.0,726.0,0.0,0.0,0.0,0.0,0.0,0.0,0.0,0.0,0.0,0.0,9.0,0.0,0.0,0.0,0.0,0.0,0.0,0.0,0.0,0.0,0.0,0.0,0.0,7659392793.0,0.0,0.0,0.0,0.0,0.0,0.0,0.0,0.0,0.0,0.0,17052060.0,0.0,460.0,0.0,0.0,0.0,0.0,0.0,0.0,6.0,0.0,0.0,0.0,0.0,0.0,0.0,0.0,0.0,0.0,0.0,0.0,0.0,0.0,0.0,0.0,0.0,0.0,0.0,0.0,0.0,0.0,0.0,0.0,0.0,0.0,0.0,0.0,726.0,0.0,0.0,0.0,0.0,0.0,0.0,0.0,0.0,0.0,0.0,9.0,0.0,0.0,0.0,0.0,0.0,0.0,0.0,0.0,0.0,0.0,0.0,0.0,726.0,0.0,0.0,0.0,0.0,0.0,0.0,0.0,0.0,0.0,0.0,9.0,0.0,4540031.0,0.0,0.0,0.0,0.0,0.0,0.0,34962.0,0.0,113605359.25,246622.5,0.4920262509763316,257927.25,./start.sh small_ruleset,./stop.sh,1.0,"0, 1",,2048,,tcpreplay -i data -tK --loop 1000 --preload-pcap /pcaps/bigFlows.pcap,./stop.sh,,14,,1024,,,./stop.sh,,15,,1024,,0,30,20.0.0.1/24,ns:input,mpeuster/tng-bench-mp,mp.input,20.0.0.254/24,ns:output,mpeuster/tng-bench-mp,mp.output,5
6,suricata_performance_cpu_cores_memory_00006,0.0,0.0,1186.0,0.0,0.0,0.0,0.0,0.0,0.0,0.0,0.0,0.0,0.0,15.0,0.0,9216531000.0,0.0,0.0,0.0,0.0,0.0,0.0,14261000.0,0.0,0.0,0.0,726.0,0.0,0.0,0.0,0.0,0.0,0.0,0.0,0.0,0.0,0.0,9.0,0.0,0.0,0.0,0.0,0.0,0.0,0.0,0.0,0.0,0.0,0.0,0.0,0.0,0.0,0.0,0.0,0.0,0.0,0.0,0.0,0.0,0.0,0.0,0.0,0.0,0.0,0.0,0.0,0.0,0.0,0.0,0.0,0.0,0.0,0.0,0.0,11332047.0,0.0,0.0,0.0,0.0,0.0,0.0,0.0,0.0,0.0,0.0,89020.0,0.0,0.0,0.0,0.0,0.0,0.0,0.0,0.0,0.0,0.0,0.0,0.0,906.0,0.0,0.0,0.0,0.0,0.0,0.0,0.0,0.0,0.0,0.0,11.0,0.0,0.0,0.0,0.0,0.0,0.0,0.0,0.0,0.0,0.0,0.0,0.0,0.0,0.0,0.0,0.0,0.0,0.0,0.0,0.0,0.0,0.0,0.0,0.0,0.0,0.0,0.0,0.0,0.0,0.0,0.0,0.0,0.0,0.0,0.0,0.0,8882324717.0,0.0,0.0,0.0,0.0,0.0,0.0,0.0,0.0,0.0,0.0,14062628.0,0.0,0.0,0.0,0.0,0.0,0.0,0.0,0.0,0.0,0.0,0.0,0.0,726.0,0.0,0.0,0.0,0.0,0.0,0.0,0.0,0.0,0.0,0.0,9.0,0.0,0.0,0.0,0.0,0.0,0.0,0.0,0.0,0.0,0.0,0.0,0.0,9216531726.0,0.0,0.0,0.0,0.0,0.0,0.0,0.0,0.0,0.0,0.0,14261009.0,0.0,460.0,0.0,0.0,0.0,0.0,0.0,0.0,6.0,0.0,0.0,0.0,0.0,0.0,0.0,0.0,0.0,0.0,0.0,0.0,0.0,0.0,0.0,0.0,0.0,0.0,0.0,0.0,0.0,0.0,0.0,0.0,0.0,0.0,0.0,0.0,726.0,0.0,0.0,0.0,0.0,0.0,0.0,0.0,0.0,0.0,0.0,9.0,0.0,0.0,0.0,0.0,0.0,0.0,0.0,0.0,0.0,0.0,0.0,0.0,726.0,0.0,0.0,0.0,0.0,0.0,0.0,0.0,0.0,0.0,0.0,9.0,0.0,11331321.0,0.0,0.0,0.0,0.0,0.0,0.0,89011.0,0.0,135859830.75,285875.5,0.6157681054219001,214179.125,./start.sh small_ruleset,./stop.sh,1.0,"0, 1",,4096,,tcpreplay -i data -tK --loop 1000 --preload-pcap /pcaps/smallFlows.pcap,./stop.sh,,14,,1024,,,./stop.sh,,15,,1024,,0,30,20.0.0.1/24,ns:input,mpeuster/tng-bench-mp,mp.input,20.0.0.254/24,ns:output,mpeuster/tng-bench-mp,mp.output,6
7,suricata_performance_cpu_cores_memory_00007,0.0,0.0,1186.0,0.0,0.0,0.0,0.0,0.0,0.0,0.0,0.0,0.0,0.0,15.0,0.0,6788911984.0,0.0,0.0,0.0,0.0,0.0,0.0,15125233.0,0.0,0.0,0.0,726.0,0.0,0.0,0.0,0.0,0.0,0.0,0.0,0.0,0.0,0.0,9.0,0.0,0.0,0.0,0.0,0.0,0.0,0.0,0.0,0.0,0.0,0.0,0.0,0.0,0.0,0.0,0.0,0.0,0.0,0.0,0.0,0.0,0.0,0.0,0.0,0.0,0.0,0.0,0.0,0.0,0.0,0.0,0.0,0.0,0.0,0.0,0.0,4092675.0,0.0,0.0,0.0,0.0,0.0,0.0,0.0,0.0,0.0,0.0,31520.0,0.0,0.0,0.0,0.0,0.0,0.0,0.0,0.0,0.0,0.0,0.0,0.0,906.0,0.0,0.0,0.0,0.0,0.0,0.0,0.0,0.0,0.0,0.0,11.0,0.0,0.0,0.0,0.0,0.0,0.0,0.0,0.0,0.0,0.0,0.0,0.0,0.0,0.0,0.0,0.0,0.0,0.0,0.0,0.0,0.0,0.0,0.0,0.0,0.0,0.0,0.0,0.0,0.0,0.0,0.0,0.0,0.0,0.0,0.0,0.0,6916437178.0,0.0,0.0,0.0,0.0,0.0,0.0,0.0,0.0,0.0,0.0,15973850.0,0.0,0.0,0.0,0.0,0.0,0.0,0.0,0.0,0.0,0.0,0.0,0.0,726.0,0.0,0.0,0.0,0.0,0.0,0.0,0.0,0.0,0.0,0.0,9.0,0.0,0.0,0.0,0.0,0.0,0.0,0.0,0.0,0.0,0.0,0.0,0.0,7643202938.0,0.0,0.0,0.0,0.0,0.0,0.0,0.0,0.0,0.0,0.0,17022376.0,0.0,460.0,0.0,0.0,0.0,0.0,0.0,0.0,6.0,0.0,0.0,0.0,0.0,0.0,0.0,0.0,0.0,0.0,0.0,0.0,0.0,0.0,0.0,0.0,0.0,0.0,0.0,0.0,0.0,0.0,0.0,0.0,0.0,0.0,0.0,0.0,726.0,0.0,0.0,0.0,0.0,0.0,0.0,0.0,0.0,0.0,0.0,9.0,0.0,0.0,0.0,0.0,0.0,0.0,0.0,0.0,0.0,0.0,0.0,0.0,726.0,0.0,0.0,0.0,0.0,0.0,0.0,0.0,0.0,0.0,0.0,9.0,0.0,4527561.0,0.0,0.0,0.0,0.0,0.0,0.0,34908.0,0.0,115168495.75,249761.25,0.4872527450017387,258489.25,./start.sh small_ruleset,./stop.sh,1.0,"0, 1",,4096,,tcpreplay -i data -tK --loop 1000 --preload-pcap /pcaps/bigFlows.pcap,./stop.sh,,14,,1024,,,./stop.sh,,15,,1024,,0,30,20.0.0.1/24,ns:input,mpeuster/tng-bench-mp,mp.input,20.0.0.254/24,ns:output,mpeuster/tng-bench-mp,mp.output,7
8,suricata_performance_cpu_cores_memory_00008,0.0,0.0,1116.0,0.0,0.0,0.0,0.0,0.0,0.0,0.0,0.0,0.0,0.0,14.0,0.0,9216531000.0,0.0,0.0,0.0,0.0,0.0,0.0,14261000.0,0.0,0.0,0.0,726.0,0.0,0.0,0.0,0.0,0.0,0.0,0.0,0.0,0.0,0.0,9.0,0.0,0.0,0.0,0.0,0.0,0.0,0.0,0.0,0.0,0.0,0.0,0.0,0.0,0.0,0.0,0.0,0.0,0.0,0.0,0.0,0.0,0.0,0.0,0.0,0.0,0.0,0.0,0.0,0.0,0.0,0.0,0.0,0.0,0.0,0.0,0.0,11330829.0,0.0,0.0,0.0,0.0,0.0,0.0,0.0,0.0,0.0,0.0,89020.0,0.0,0.0,0.0,0.0,0.0,0.0,0.0,0.0,0.0,0.0,0.0,0.0,906.0,0.0,0.0,0.0,0.0,0.0,0.0,0.0,0.0,0.0,0.0,11.0,0.0,0.0,0.0,0.0,0.0,0.0,0.0,0.0,0.0,0.0,0.0,0.0,0.0,0.0,0.0,0.0,0.0,0.0,0.0,0.0,0.0,0.0,0.0,0.0,0.0,0.0,0.0,0.0,0.0,0.0,0.0,0.0,0.0,0.0,0.0,0.0,8857102372.0,0.0,0.0,0.0,0.0,0.0,0.0,0.0,0.0,0.0,0.0,14022796.0,0.0,0.0,0.0,0.0,0.0,0.0,0.0,0.0,0.0,0.0,0.0,0.0,726.0,0.0,0.0,0.0,0.0,0.0,0.0,0.0,0.0,0.0,0.0,9.0,0.0,0.0,0.0,0.0,0.0,0.0,0.0,0.0,0.0,0.0,0.0,0.0,9216531726.0,0.0,0.0,0.0,0.0,0.0,0.0,0.0,0.0,0.0,0.0,14261009.0,0.0,460.0,0.0,0.0,0.0,0.0,0.0,0.0,6.0,0.0,0.0,0.0,0.0,0.0,0.0,0.0,0.0,0.0,0.0,0.0,0.0,0.0,0.0,0.0,0.0,0.0,0.0,0.0,0.0,0.0,0.0,0.0,0.0,0.0,0.0,0.0,726.0,0.0,0.0,0.0,0.0,0.0,0.0,0.0,0.0,0.0,0.0,9.0,0.0,0.0,0.0,0.0,0.0,0.0,0.0,0.0,0.0,0.0,0.0,0.0,726.0,0.0,0.0,0.0,0.0,0.0,0.0,0.0,0.0,0.0,0.0,9.0,0.0,11330103.0,0.0,0.0,0.0,0.0,0.0,0.0,89011.0,0.0,142102801.0,456866.8,0.6720416251850493,222992.0,./start.sh small_ruleset,./stop.sh,1.0,"0, 1, 2, 3",,2048,,tcpreplay -i data -tK --loop 1000 --preload-pcap /pcaps/smallFlows.pcap,./stop.sh,,14,,1024,,,./stop.sh,,15,,1024,,0,30,20.0.0.1/24,ns:input,mpeuster/tng-bench-mp,mp.input,20.0.0.254/24,ns:output,mpeuster/tng-bench-mp,mp.output,8
9,suricata_performance_cpu_cores_memory_00009,0.0,0.0,1116.0,0.0,0.0,0.0,0.0,0.0,0.0,0.0,0.0,0.0,0.0,14.0,0.0,7261452291.0,0.0,0.0,0.0,0.0,0.0,0.0,16174152.0,0.0,0.0,0.0,726.0,0.0,0.0,0.0,0.0,0.0,0.0,0.0,0.0,0.0,0.0,9.0,0.0,0.0,0.0,0.0,0.0,0.0,0.0,0.0,0.0,0.0,0.0,0.0,0.0,0.0,0.0,0.0,0.0,0.0,0.0,0.0,0.0,0.0,0.0,0.0,0.0,0.0,0.0,0.0,0.0,0.0,0.0,0.0,0.0,0.0,0.0,0.0,4466012.0,0.0,0.0,0.0,0.0,0.0,0.0,0.0,0.0,0.0,0.0,34442.0,0.0,0.0,0.0,0.0,0.0,0.0,0.0,0.0,0.0,0.0,0.0,0.0,906.0,0.0,0.0,0.0,0.0,0.0,0.0,0.0,0.0,0.0,0.0,11.0,0.0,0.0,0.0,0.0,0.0,0.0,0.0,0.0,0.0,0.0,0.0,0.0,0.0,0.0,0.0,0.0,0.0,0.0,0.0,0.0,0.0,0.0,0.0,0.0,0.0,0.0,0.0,0.0,0.0,0.0,0.0,0.0,0.0,0.0,0.0,0.0,7473708625.0,0.0,0.0,0.0,0.0,0.0,0.0,0.0,0.0,0.0,0.0,17258470.0,0.0,0.0,0.0,0.0,0.0,0.0,0.0,0.0,0.0,0.0,0.0,0.0,726.0,0.0,0.0,0.0,0.0,0.0,0.0,0.0,0.0,0.0,0.0,9.0,0.0,0.0,0.0,0.0,0.0,0.0,0.0,0.0,0.0,0.0,0.0,0.0,8250731939.0,0.0,0.0,0.0,0.0,0.0,0.0,0.0,0.0,0.0,0.0,18382464.0,0.0,460.0,0.0,0.0,0.0,0.0,0.0,0.0,6.0,0.0,0.0,0.0,0.0,0.0,0.0,0.0,0.0,0.0,0.0,0.0,0.0,0.0,0.0,0.0,0.0,0.0,0.0,0.0,0.0,0.0,0.0,0.0,0.0,0.0,0.0,0.0,726.0,0.0,0.0,0.0,0.0,0.0,0.0,0.0,0.0,0.0,0.0,9.0,0.0,0.0,0.0,0.0,0.0,0.0,0.0,0.0,0.0,0.0,0.0,0.0,726.0,0.0,0.0,0.0,0.0,0.0,0.0,0.0,0.0,0.0,0.0,9.0,0.0,4892548.0,0.0,0.0,0.0,0.0,0.0,0.0,37725.0,0.0,95342022.6,434647.8,0.6675032319513676,216468.0,./start.sh small_ruleset,./stop.sh,1.0,"0, 1, 2, 3",,2048,,tcpreplay -i data -tK --loop 1000 --preload-pcap /pcaps/bigFlows.pcap,./stop.sh,,14,,1024,,,./stop.sh,,15,,1024,,0,30,20.0.0.1/24,ns:input,mpeuster/tng-bench-mp,mp.input,20.0.0.254/24,ns:output,mpeuster/tng-bench-mp,mp.output,9
10,suricata_performance_cpu_cores_memory_00010,0.0,0.0,1116.0,0.0,0.0,0.0,0.0,0.0,0.0,0.0,0.0,0.0,0.0,14.0,0.0,9216531000.0,0.0,0.0,0.0,0.0,0.0,0.0,14261000.0,0.0,0.0,0.0,726.0,0.0,0.0,0.0,0.0,0.0,0.0,0.0,0.0,0.0,0.0,9.0,0.0,0.0,0.0,0.0,0.0,0.0,0.0,0.0,0.0,0.0,0.0,0.0,0.0,0.0,0.0,0.0,0.0,0.0,0.0,0.0,0.0,0.0,0.0,0.0,0.0,0.0,0.0,0.0,0.0,0.0,0.0,0.0,0.0,0.0,0.0,0.0,11332140.0,0.0,0.0,0.0,0.0,0.0,0.0,0.0,0.0,0.0,0.0,89020.0,0.0,0.0,0.0,0.0,0.0,0.0,0.0,0.0,0.0,0.0,0.0,0.0,906.0,0.0,0.0,0.0,0.0,0.0,0.0,0.0,0.0,0.0,0.0,11.0,0.0,0.0,0.0,0.0,0.0,0.0,0.0,0.0,0.0,0.0,0.0,0.0,0.0,0.0,0.0,0.0,0.0,0.0,0.0,0.0,0.0,0.0,0.0,0.0,0.0,0.0,0.0,0.0,0.0,0.0,0.0,0.0,0.0,0.0,0.0,0.0,8814113685.0,0.0,0.0,0.0,0.0,0.0,0.0,0.0,0.0,0.0,0.0,13954619.0,0.0,0.0,0.0,0.0,0.0,0.0,0.0,0.0,0.0,0.0,0.0,0.0,726.0,0.0,0.0,0.0,0.0,0.0,0.0,0.0,0.0,0.0,0.0,9.0,0.0,0.0,0.0,0.0,0.0,0.0,0.0,0.0,0.0,0.0,0.0,0.0,9216531726.0,0.0,0.0,0.0,0.0,0.0,0.0,0.0,0.0,0.0,0.0,14261009.0,0.0,460.0,0.0,0.0,0.0,0.0,0.0,0.0,6.0,0.0,0.0,0.0,0.0,0.0,0.0,0.0,0.0,0.0,0.0,0.0,0.0,0.0,0.0,0.0,0.0,0.0,0.0,0.0,0.0,0.0,0.0,0.0,0.0,0.0,0.0,0.0,726.0,0.0,0.0,0.0,0.0,0.0,0.0,0.0,0.0,0.0,0.0,9.0,0.0,0.0,0.0,0.0,0.0,0.0,0.0,0.0,0.0,0.0,0.0,0.0,726.0,0.0,0.0,0.0,0.0,0.0,0.0,0.0,0.0,0.0,0.0,9.0,0.0,11331414.0,0.0,0.0,0.0,0.0,0.0,0.0,89011.0,0.0,12070168.3,33494.3,0.6415303581689332,18888.7,./start.sh small_ruleset,./stop.sh,1.0,"0, 1, 2, 3",,4096,,tcpreplay -i data -tK --loop 1000 --preload-pcap /pcaps/smallFlows.pcap,./stop.sh,,14,,1024,,,./stop.sh,,15,,1024,,0,30,20.0.0.1/24,ns:input,mpeuster/tng-bench-mp,mp.input,20.0.0.254/24,ns:output,mpeuster/tng-bench-mp,mp.output,10
11,suricata_performance_cpu_cores_memory_00011,0.0,0.0,1116.0,0.0,0.0,0.0,0.0,0.0,0.0,0.0,0.0,0.0,0.0,14.0,0.0,7225000576.0,0.0,0.0,0.0,0.0,0.0,0.0,16093688.0,0.0,0.0,0.0,726.0,0.0,0.0,0.0,0.0,0.0,0.0,0.0,0.0,0.0,0.0,9.0,0.0,0.0,0.0,0.0,0.0,0.0,0.0,0.0,0.0,0.0,0.0,0.0,0.0,0.0,0.0,0.0,0.0,0.0,0.0,0.0,0.0,0.0,0.0,0.0,0.0,0.0,0.0,0.0,0.0,0.0,0.0,0.0,0.0,0.0,0.0,0.0,4386188.0,0.0,0.0,0.0,0.0,0.0,0.0,0.0,0.0,0.0,0.0,33765.0,0.0,0.0,0.0,0.0,0.0,0.0,0.0,0.0,0.0,0.0,0.0,0.0,906.0,0.0,0.0,0.0,0.0,0.0,0.0,0.0,0.0,0.0,0.0,11.0,0.0,0.0,0.0,0.0,0.0,0.0,0.0,0.0,0.0,0.0,0.0,0.0,0.0,0.0,0.0,0.0,0.0,0.0,0.0,0.0,0.0,0.0,0.0,0.0,0.0,0.0,0.0,0.0,0.0,0.0,0.0,0.0,0.0,0.0,0.0,0.0,7184822036.0,0.0,0.0,0.0,0.0,0.0,0.0,0.0,0.0,0.0,0.0,16589381.0,0.0,0.0,0.0,0.0,0.0,0.0,0.0,0.0,0.0,0.0,0.0,0.0,726.0,0.0,0.0,0.0,0.0,0.0,0.0,0.0,0.0,0.0,0.0,9.0,0.0,0.0,0.0,0.0,0.0,0.0,0.0,0.0,0.0,0.0,0.0,0.0,7887601356.0,0.0,0.0,0.0,0.0,0.0,0.0,0.0,0.0,0.0,0.0,17567801.0,0.0,460.0,0.0,0.0,0.0,0.0,0.0,0.0,6.0,0.0,0.0,0.0,0.0,0.0,0.0,0.0,0.0,0.0,0.0,0.0,0.0,0.0,0.0,0.0,0.0,0.0,0.0,0.0,0.0,0.0,0.0,0.0,0.0,0.0,0.0,0.0,726.0,0.0,0.0,0.0,0.0,0.0,0.0,0.0,0.0,0.0,0.0,9.0,0.0,0.0,0.0,0.0,0.0,0.0,0.0,0.0,0.0,0.0,0.0,0.0,726.0,0.0,0.0,0.0,0.0,0.0,0.0,0.0,0.0,0.0,0.0,9.0,0.0,4681257.0,0.0,0.0,0.0,0.0,0.0,0.0,36065.0,0.0,94138515.2,436963.8,0.6707855595690038,214424.0,./start.sh small_ruleset,./stop.sh,1.0,"0, 1, 2, 3",,4096,,tcpreplay -i data -tK --loop 1000 --preload-pcap /pcaps/bigFlows.pcap,./stop.sh,,14,,1024,,,./stop.sh,,15,,1024,,0,30,20.0.0.1/24,ns:input,mpeuster/tng-bench-mp,mp.input,20.0.0.254/24,ns:output,mpeuster/tng-bench-mp,mp.output,11
12,suricata_performance_cpu_cores_memory_00012,0.0,0.0,1116.0,0.0,0.0,0.0,0.0,0.0,0.0,0.0,0.0,0.0,0.0,14.0,0.0,9216531000.0,0.0,0.0,0.0,0.0,0.0,0.0,14261000.0,0.0,0.0,0.0,726.0,0.0,0.0,0.0,0.0,0.0,0.0,0.0,0.0,0.0,0.0,9.0,0.0,0.0,0.0,0.0,0.0,0.0,0.0,0.0,0.0,0.0,0.0,0.0,0.0,0.0,0.0,0.0,0.0,0.0,0.0,0.0,0.0,0.0,0.0,0.0,0.0,0.0,0.0,0.0,0.0,0.0,0.0,0.0,0.0,0.0,0.0,0.0,11332140.0,0.0,0.0,0.0,0.0,0.0,0.0,0.0,0.0,0.0,0.0,89020.0,0.0,0.0,0.0,0.0,0.0,0.0,0.0,0.0,0.0,0.0,0.0,0.0,906.0,0.0,0.0,0.0,0.0,0.0,0.0,0.0,0.0,0.0,0.0,11.0,0.0,0.0,0.0,0.0,0.0,0.0,0.0,0.0,0.0,0.0,0.0,0.0,0.0,0.0,0.0,0.0,0.0,0.0,0.0,0.0,0.0,0.0,0.0,0.0,0.0,0.0,0.0,0.0,0.0,0.0,0.0,0.0,0.0,0.0,0.0,0.0,7451231681.0,0.0,0.0,0.0,0.0,0.0,0.0,0.0,0.0,0.0,0.0,11804384.0,0.0,0.0,0.0,0.0,0.0,0.0,0.0,0.0,0.0,0.0,0.0,0.0,726.0,0.0,0.0,0.0,0.0,0.0,0.0,0.0,0.0,0.0,0.0,9.0,0.0,0.0,0.0,0.0,0.0,0.0,0.0,0.0,0.0,0.0,0.0,0.0,9216531726.0,0.0,0.0,0.0,0.0,0.0,0.0,0.0,0.0,0.0,0.0,14261009.0,0.0,460.0,0.0,0.0,0.0,0.0,0.0,0.0,6.0,0.0,0.0,0.0,0.0,0.0,0.0,0.0,0.0,0.0,0.0,0.0,0.0,0.0,0.0,0.0,0.0,0.0,0.0,0.0,0.0,0.0,0.0,0.0,0.0,0.0,0.0,0.0,726.0,0.0,0.0,0.0,0.0,0.0,0.0,0.0,0.0,0.0,0.0,9.0,0.0,0.0,0.0,0.0,0.0,0.0,0.0,0.0,0.0,0.0,0.0,0.0,726.0,0.0,0.0,0.0,0.0,0.0,0.0,0.0,0.0,0.0,0.0,9.0,0.0,11331414.0,0.0,0.0,0.0,0.0,0.0,0.0,89011.0,0.0,7587171.333333333,38041.208333333336,0.742478150304436,13268.458333333334,./start.sh big_ruleset,./stop.sh,1.0,0,,2048,,tcpreplay -i data -tK --loop 1000 --preload-pcap /pcaps/smallFlows.pcap,./stop.sh,,14,,1024,,,./stop.sh,,15,,1024,,0,30,20.0.0.1/24,ns:input,mpeuster/tng-bench-mp,mp.input,20.0.0.254/24,ns:output,mpeuster/tng-bench-mp,mp.output,12
13,suricata_performance_cpu_cores_memory_00013,0.0,0.0,1116.0,0.0,0.0,0.0,0.0,0.0,0.0,0.0,0.0,0.0,0.0,14.0,0.0,8338204517.0,0.0,0.0,0.0,0.0,0.0,0.0,18571658.0,0.0,0.0,0.0,726.0,0.0,0.0,0.0,0.0,0.0,0.0,0.0,0.0,0.0,0.0,9.0,0.0,0.0,0.0,0.0,0.0,0.0,0.0,0.0,0.0,0.0,0.0,0.0,0.0,0.0,0.0,0.0,0.0,0.0,0.0,0.0,0.0,0.0,0.0,0.0,0.0,0.0,0.0,0.0,0.0,0.0,0.0,0.0,0.0,0.0,0.0,0.0,5045727.0,0.0,0.0,0.0,0.0,0.0,0.0,0.0,0.0,0.0,0.0,38866.0,0.0,0.0,0.0,0.0,0.0,0.0,0.0,0.0,0.0,0.0,0.0,0.0,906.0,0.0,0.0,0.0,0.0,0.0,0.0,0.0,0.0,0.0,0.0,11.0,0.0,0.0,0.0,0.0,0.0,0.0,0.0,0.0,0.0,0.0,0.0,0.0,0.0,0.0,0.0,0.0,0.0,0.0,0.0,0.0,0.0,0.0,0.0,0.0,0.0,0.0,0.0,0.0,0.0,0.0,0.0,0.0,0.0,0.0,0.0,0.0,7647233138.0,0.0,0.0,0.0,0.0,0.0,0.0,0.0,0.0,0.0,0.0,17654726.0,0.0,0.0,0.0,0.0,0.0,0.0,0.0,0.0,0.0,0.0,0.0,0.0,726.0,0.0,0.0,0.0,0.0,0.0,0.0,0.0,0.0,0.0,0.0,9.0,0.0,0.0,0.0,0.0,0.0,0.0,0.0,0.0,0.0,0.0,0.0,0.0,9346610502.0,0.0,0.0,0.0,0.0,0.0,0.0,0.0,0.0,0.0,0.0,20819814.0,0.0,460.0,0.0,0.0,0.0,0.0,0.0,0.0,6.0,0.0,0.0,0.0,0.0,0.0,0.0,0.0,0.0,0.0,0.0,0.0,0.0,0.0,0.0,0.0,0.0,0.0,0.0,0.0,0.0,0.0,0.0,0.0,0.0,0.0,0.0,0.0,726.0,0.0,0.0,0.0,0.0,0.0,0.0,0.0,0.0,0.0,0.0,9.0,0.0,0.0,0.0,0.0,0.0,0.0,0.0,0.0,0.0,0.0,0.0,0.0,726.0,0.0,0.0,0.0,0.0,0.0,0.0,0.0,0.0,0.0,0.0,9.0,0.0,5537293.0,0.0,0.0,0.0,0.0,0.0,0.0,42655.0,0.0,68077752.875,418442.375,0.6849376647488635,192500.0,./start.sh big_ruleset,./stop.sh,1.0,0,,2048,,tcpreplay -i data -tK --loop 1000 --preload-pcap /pcaps/bigFlows.pcap,./stop.sh,,14,,1024,,,./stop.sh,,15,,1024,,0,30,20.0.0.1/24,ns:input,mpeuster/tng-bench-mp,mp.input,20.0.0.254/24,ns:output,mpeuster/tng-bench-mp,mp.output,13
14,suricata_performance_cpu_cores_memory_00014,0.0,0.0,1026.0,0.0,0.0,0.0,0.0,0.0,0.0,0.0,0.0,0.0,0.0,13.0,0.0,9216531000.0,0.0,0.0,0.0,0.0,0.0,0.0,14261000.0,0.0,0.0,0.0,656.0,0.0,0.0,0.0,0.0,0.0,0.0,0.0,0.0,0.0,0.0,8.0,0.0,0.0,0.0,0.0,0.0,0.0,0.0,0.0,0.0,0.0,0.0,0.0,0.0,0.0,0.0,0.0,0.0,0.0,0.0,0.0,0.0,0.0,0.0,0.0,0.0,0.0,0.0,0.0,0.0,0.0,0.0,0.0,0.0,0.0,0.0,0.0,11332140.0,0.0,0.0,0.0,0.0,0.0,0.0,0.0,0.0,0.0,0.0,89020.0,0.0,0.0,0.0,0.0,0.0,0.0,0.0,0.0,0.0,0.0,0.0,0.0,906.0,0.0,0.0,0.0,0.0,0.0,0.0,0.0,0.0,0.0,0.0,11.0,0.0,0.0,0.0,0.0,0.0,0.0,0.0,0.0,0.0,0.0,0.0,0.0,0.0,0.0,0.0,0.0,0.0,0.0,0.0,0.0,0.0,0.0,0.0,0.0,0.0,0.0,0.0,0.0,0.0,0.0,0.0,0.0,0.0,0.0,0.0,0.0,7520470461.0,0.0,0.0,0.0,0.0,0.0,0.0,0.0,0.0,0.0,0.0,11913868.0,0.0,0.0,0.0,0.0,0.0,0.0,0.0,0.0,0.0,0.0,0.0,0.0,726.0,0.0,0.0,0.0,0.0,0.0,0.0,0.0,0.0,0.0,0.0,9.0,0.0,0.0,0.0,0.0,0.0,0.0,0.0,0.0,0.0,0.0,0.0,0.0,9216531726.0,0.0,0.0,0.0,0.0,0.0,0.0,0.0,0.0,0.0,0.0,14261009.0,0.0,300.0,0.0,0.0,0.0,0.0,0.0,0.0,4.0,0.0,0.0,0.0,0.0,0.0,0.0,0.0,0.0,0.0,0.0,0.0,0.0,0.0,0.0,0.0,0.0,0.0,0.0,0.0,0.0,0.0,0.0,0.0,0.0,0.0,0.0,0.0,726.0,0.0,0.0,0.0,0.0,0.0,0.0,0.0,0.0,0.0,0.0,9.0,0.0,0.0,0.0,0.0,0.0,0.0,0.0,0.0,0.0,0.0,0.0,0.0,726.0,0.0,0.0,0.0,0.0,0.0,0.0,0.0,0.0,0.0,0.0,9.0,0.0,11331414.0,0.0,0.0,0.0,0.0,0.0,0.0,89011.0,0.0,39913773.75,196361.75,0.7430001447316269,68646.25,./start.sh big_ruleset,./stop.sh,1.0,0,,4096,,tcpreplay -i data -tK --loop 1000 --preload-pcap /pcaps/smallFlows.pcap,./stop.sh,,14,,1024,,,./stop.sh,,15,,1024,,0,30,20.0.0.1/24,ns:input,mpeuster/tng-bench-mp,mp.input,20.0.0.254/24,ns:output,mpeuster/tng-bench-mp,mp.output,14
15,suricata_performance_cpu_cores_memory_00015,0.0,0.0,956.0,0.0,0.0,0.0,0.0,0.0,0.0,0.0,0.0,0.0,0.0,12.0,0.0,8332204871.0,0.0,0.0,0.0,0.0,0.0,0.0,18557578.0,0.0,0.0,0.0,726.0,0.0,0.0,0.0,0.0,0.0,0.0,0.0,0.0,0.0,0.0,9.0,0.0,0.0,0.0,0.0,0.0,0.0,0.0,0.0,0.0,0.0,0.0,0.0,0.0,0.0,0.0,0.0,0.0,0.0,0.0,0.0,0.0,0.0,0.0,0.0,0.0,0.0,0.0,0.0,0.0,0.0,0.0,0.0,0.0,0.0,0.0,0.0,4996584.0,0.0,0.0,0.0,0.0,0.0,0.0,0.0,0.0,0.0,0.0,38487.0,0.0,0.0,0.0,0.0,0.0,0.0,0.0,0.0,0.0,0.0,0.0,0.0,906.0,0.0,0.0,0.0,0.0,0.0,0.0,0.0,0.0,0.0,0.0,11.0,0.0,0.0,0.0,0.0,0.0,0.0,0.0,0.0,0.0,0.0,0.0,0.0,0.0,0.0,0.0,0.0,0.0,0.0,0.0,0.0,0.0,0.0,0.0,0.0,0.0,0.0,0.0,0.0,0.0,0.0,0.0,0.0,0.0,0.0,0.0,0.0,7947608111.0,0.0,0.0,0.0,0.0,0.0,0.0,0.0,0.0,0.0,0.0,18352081.0,0.0,0.0,0.0,0.0,0.0,0.0,0.0,0.0,0.0,0.0,0.0,0.0,816.0,0.0,0.0,0.0,0.0,0.0,0.0,0.0,0.0,0.0,0.0,10.0,0.0,0.0,0.0,0.0,0.0,0.0,0.0,0.0,0.0,0.0,0.0,0.0,9222846822.0,0.0,0.0,0.0,0.0,0.0,0.0,0.0,0.0,0.0,0.0,20546724.0,0.0,300.0,0.0,0.0,0.0,0.0,0.0,0.0,4.0,0.0,0.0,0.0,0.0,0.0,0.0,0.0,0.0,0.0,0.0,0.0,0.0,0.0,0.0,0.0,0.0,0.0,0.0,0.0,0.0,0.0,0.0,0.0,0.0,0.0,0.0,0.0,726.0,0.0,0.0,0.0,0.0,0.0,0.0,0.0,0.0,0.0,0.0,9.0,0.0,0.0,0.0,0.0,0.0,0.0,0.0,0.0,0.0,0.0,0.0,0.0,726.0,0.0,0.0,0.0,0.0,0.0,0.0,0.0,0.0,0.0,0.0,9.0,0.0,5457688.0,0.0,0.0,0.0,0.0,0.0,0.0,42039.0,0.0,67949077.625,413999.625,0.6808063615985397,194145.0,./start.sh big_ruleset,./stop.sh,1.0,0,,4096,,tcpreplay -i data -tK --loop 1000 --preload-pcap /pcaps/bigFlows.pcap,./stop.sh,,14,,1024,,,./stop.sh,,15,,1024,,0,30,20.0.0.1/24,ns:input,mpeuster/tng-bench-mp,mp.input,20.0.0.254/24,ns:output,mpeuster/tng-bench-mp,mp.output,15
16,suricata_performance_cpu_cores_memory_00016,0.0,0.0,1116.0,0.0,0.0,0.0,0.0,0.0,0.0,0.0,0.0,0.0,0.0,14.0,0.0,9216531000.0,0.0,0.0,0.0,0.0,0.0,0.0,14261000.0,0.0,0.0,0.0,726.0,0.0,0.0,0.0,0.0,0.0,0.0,0.0,0.0,0.0,0.0,9.0,0.0,0.0,0.0,0.0,0.0,0.0,0.0,0.0,0.0,0.0,0.0,0.0,0.0,0.0,0.0,0.0,0.0,0.0,0.0,0.0,0.0,0.0,0.0,0.0,0.0,0.0,0.0,0.0,0.0,0.0,0.0,0.0,0.0,0.0,0.0,0.0,11331980.0,0.0,0.0,0.0,0.0,0.0,0.0,0.0,0.0,0.0,0.0,89018.0,0.0,0.0,0.0,0.0,0.0,0.0,0.0,0.0,0.0,0.0,0.0,0.0,906.0,0.0,0.0,0.0,0.0,0.0,0.0,0.0,0.0,0.0,0.0,11.0,0.0,0.0,0.0,0.0,0.0,0.0,0.0,0.0,0.0,0.0,0.0,0.0,0.0,0.0,0.0,0.0,0.0,0.0,0.0,0.0,0.0,0.0,0.0,0.0,0.0,0.0,0.0,0.0,0.0,0.0,0.0,0.0,0.0,0.0,0.0,0.0,7492177491.0,0.0,0.0,0.0,0.0,0.0,0.0,0.0,0.0,0.0,0.0,11869020.0,0.0,0.0,0.0,0.0,0.0,0.0,0.0,0.0,0.0,0.0,0.0,0.0,726.0,0.0,0.0,0.0,0.0,0.0,0.0,0.0,0.0,0.0,0.0,9.0,0.0,0.0,0.0,0.0,0.0,0.0,0.0,0.0,0.0,0.0,0.0,0.0,9216531726.0,0.0,0.0,0.0,0.0,0.0,0.0,0.0,0.0,0.0,0.0,14261009.0,0.0,460.0,0.0,0.0,0.0,0.0,0.0,0.0,6.0,0.0,0.0,0.0,0.0,0.0,0.0,0.0,0.0,0.0,0.0,0.0,0.0,0.0,0.0,0.0,0.0,0.0,0.0,0.0,0.0,0.0,0.0,0.0,0.0,0.0,0.0,0.0,726.0,0.0,0.0,0.0,0.0,0.0,0.0,0.0,0.0,0.0,0.0,9.0,0.0,0.0,0.0,0.0,0.0,0.0,0.0,0.0,0.0,0.0,0.0,0.0,726.0,0.0,0.0,0.0,0.0,0.0,0.0,0.0,0.0,0.0,0.0,9.0,0.0,11331254.0,0.0,0.0,0.0,0.0,0.0,0.0,89009.0,0.0,22018714.5,81194.0,0.6752577105242367,36806.25,./start.sh big_ruleset,./stop.sh,1.0,"0, 1",,2048,,tcpreplay -i data -tK --loop 1000 --preload-pcap /pcaps/smallFlows.pcap,./stop.sh,,14,,1024,,,./stop.sh,,15,,1024,,0,30,20.0.0.1/24,ns:input,mpeuster/tng-bench-mp,mp.input,20.0.0.254/24,ns:output,mpeuster/tng-bench-mp,mp.output,16
17,suricata_performance_cpu_cores_memory_00017,0.0,0.0,956.0,0.0,0.0,0.0,0.0,0.0,0.0,0.0,0.0,0.0,0.0,12.0,0.0,8274424781.0,0.0,0.0,0.0,0.0,0.0,0.0,18433343.0,0.0,0.0,0.0,656.0,0.0,0.0,0.0,0.0,0.0,0.0,0.0,0.0,0.0,0.0,8.0,0.0,0.0,0.0,0.0,0.0,0.0,0.0,0.0,0.0,0.0,0.0,0.0,0.0,0.0,0.0,0.0,0.0,0.0,0.0,0.0,0.0,0.0,0.0,0.0,0.0,0.0,0.0,0.0,0.0,0.0,0.0,0.0,0.0,0.0,0.0,0.0,5082710.0,0.0,0.0,0.0,0.0,0.0,0.0,0.0,0.0,0.0,0.0,39177.0,0.0,0.0,0.0,0.0,0.0,0.0,0.0,0.0,0.0,0.0,0.0,0.0,906.0,0.0,0.0,0.0,0.0,0.0,0.0,0.0,0.0,0.0,0.0,11.0,0.0,0.0,0.0,0.0,0.0,0.0,0.0,0.0,0.0,0.0,0.0,0.0,0.0,0.0,0.0,0.0,0.0,0.0,0.0,0.0,0.0,0.0,0.0,0.0,0.0,0.0,0.0,0.0,0.0,0.0,0.0,0.0,0.0,0.0,0.0,0.0,7662892549.0,0.0,0.0,0.0,0.0,0.0,0.0,0.0,0.0,0.0,0.0,17688189.0,0.0,0.0,0.0,0.0,0.0,0.0,0.0,0.0,0.0,0.0,0.0,0.0,726.0,0.0,0.0,0.0,0.0,0.0,0.0,0.0,0.0,0.0,0.0,9.0,0.0,0.0,0.0,0.0,0.0,0.0,0.0,0.0,0.0,0.0,0.0,0.0,9318386679.0,0.0,0.0,0.0,0.0,0.0,0.0,0.0,0.0,0.0,0.0,20762251.0,0.0,300.0,0.0,0.0,0.0,0.0,0.0,0.0,4.0,0.0,0.0,0.0,0.0,0.0,0.0,0.0,0.0,0.0,0.0,0.0,0.0,0.0,0.0,0.0,0.0,0.0,0.0,0.0,0.0,0.0,0.0,0.0,0.0,0.0,0.0,0.0,726.0,0.0,0.0,0.0,0.0,0.0,0.0,0.0,0.0,0.0,0.0,9.0,0.0,0.0,0.0,0.0,0.0,0.0,0.0,0.0,0.0,0.0,0.0,0.0,726.0,0.0,0.0,0.0,0.0,0.0,0.0,0.0,0.0,0.0,0.0,9.0,0.0,5524127.0,0.0,0.0,0.0,0.0,0.0,0.0,42574.0,0.0,63284327.25,424478.25,0.7087677349724044,174053.0,./start.sh big_ruleset,./stop.sh,1.0,"0, 1",,2048,,tcpreplay -i data -tK --loop 1000 --preload-pcap /pcaps/bigFlows.pcap,./stop.sh,,14,,1024,,,./stop.sh,,15,,1024,,0,30,20.0.0.1/24,ns:input,mpeuster/tng-bench-mp,mp.input,20.0.0.254/24,ns:output,mpeuster/tng-bench-mp,mp.output,17
18,suricata_performance_cpu_cores_memory_00018,0.0,0.0,1116.0,0.0,0.0,0.0,0.0,0.0,0.0,0.0,0.0,0.0,0.0,14.0,0.0,9216531000.0,0.0,0.0,0.0,0.0,0.0,0.0,14261000.0,0.0,0.0,0.0,726.0,0.0,0.0,0.0,0.0,0.0,0.0,0.0,0.0,0.0,0.0,9.0,0.0,0.0,0.0,0.0,0.0,0.0,0.0,0.0,0.0,0.0,0.0,0.0,0.0,0.0,0.0,0.0,0.0,0.0,0.0,0.0,0.0,0.0,0.0,0.0,0.0,0.0,0.0,0.0,0.0,0.0,0.0,0.0,0.0,0.0,0.0,0.0,11332140.0,0.0,0.0,0.0,0.0,0.0,0.0,0.0,0.0,0.0,0.0,89020.0,0.0,0.0,0.0,0.0,0.0,0.0,0.0,0.0,0.0,0.0,0.0,0.0,836.0,0.0,0.0,0.0,0.0,0.0,0.0,0.0,0.0,0.0,0.0,10.0,0.0,0.0,0.0,0.0,0.0,0.0,0.0,0.0,0.0,0.0,0.0,0.0,0.0,0.0,0.0,0.0,0.0,0.0,0.0,0.0,0.0,0.0,0.0,0.0,0.0,0.0,0.0,0.0,0.0,0.0,0.0,0.0,0.0,0.0,0.0,0.0,7496391424.0,0.0,0.0,0.0,0.0,0.0,0.0,0.0,0.0,0.0,0.0,11875590.0,0.0,0.0,0.0,0.0,0.0,0.0,0.0,0.0,0.0,0.0,0.0,0.0,726.0,0.0,0.0,0.0,0.0,0.0,0.0,0.0,0.0,0.0,0.0,9.0,0.0,0.0,0.0,0.0,0.0,0.0,0.0,0.0,0.0,0.0,0.0,0.0,9216531726.0,0.0,0.0,0.0,0.0,0.0,0.0,0.0,0.0,0.0,0.0,14261009.0,0.0,460.0,0.0,0.0,0.0,0.0,0.0,0.0,6.0,0.0,0.0,0.0,0.0,0.0,0.0,0.0,0.0,0.0,0.0,0.0,0.0,0.0,0.0,0.0,0.0,0.0,0.0,0.0,0.0,0.0,0.0,0.0,0.0,0.0,0.0,0.0,726.0,0.0,0.0,0.0,0.0,0.0,0.0,0.0,0.0,0.0,0.0,9.0,0.0,0.0,0.0,0.0,0.0,0.0,0.0,0.0,0.0,0.0,0.0,0.0,726.0,0.0,0.0,0.0,0.0,0.0,0.0,0.0,0.0,0.0,0.0,9.0,0.0,11331414.0,0.0,0.0,0.0,0.0,0.0,0.0,89011.0,0.0,22103003.75,123001.25,0.7715014645834248,36660.0,./start.sh big_ruleset,./stop.sh,1.0,"0, 1",,4096,,tcpreplay -i data -tK --loop 1000 --preload-pcap /pcaps/smallFlows.pcap,./stop.sh,,14,,1024,,,./stop.sh,,15,,1024,,0,30,20.0.0.1/24,ns:input,mpeuster/tng-bench-mp,mp.input,20.0.0.254/24,ns:output,mpeuster/tng-bench-mp,mp.output,18
19,suricata_performance_cpu_cores_memory_00019,0.0,0.0,1186.0,0.0,0.0,0.0,0.0,0.0,0.0,0.0,0.0,0.0,0.0,15.0,0.0,8313215306.0,0.0,0.0,0.0,0.0,0.0,0.0,18520965.0,0.0,0.0,0.0,726.0,0.0,0.0,0.0,0.0,0.0,0.0,0.0,0.0,0.0,0.0,9.0,0.0,0.0,0.0,0.0,0.0,0.0,0.0,0.0,0.0,0.0,0.0,0.0,0.0,0.0,0.0,0.0,0.0,0.0,0.0,0.0,0.0,0.0,0.0,0.0,0.0,0.0,0.0,0.0,0.0,0.0,0.0,0.0,0.0,0.0,0.0,0.0,5088250.0,0.0,0.0,0.0,0.0,0.0,0.0,0.0,0.0,0.0,0.0,39237.0,0.0,0.0,0.0,0.0,0.0,0.0,0.0,0.0,0.0,0.0,0.0,0.0,906.0,0.0,0.0,0.0,0.0,0.0,0.0,0.0,0.0,0.0,0.0,11.0,0.0,0.0,0.0,0.0,0.0,0.0,0.0,0.0,0.0,0.0,0.0,0.0,0.0,0.0,0.0,0.0,0.0,0.0,0.0,0.0,0.0,0.0,0.0,0.0,0.0,0.0,0.0,0.0,0.0,0.0,0.0,0.0,0.0,0.0,0.0,0.0,7782997707.0,0.0,0.0,0.0,0.0,0.0,0.0,0.0,0.0,0.0,0.0,17963338.0,0.0,0.0,0.0,0.0,0.0,0.0,0.0,0.0,0.0,0.0,0.0,0.0,816.0,0.0,0.0,0.0,0.0,0.0,0.0,0.0,0.0,0.0,0.0,10.0,0.0,0.0,0.0,0.0,0.0,0.0,0.0,0.0,0.0,0.0,0.0,0.0,9349971271.0,0.0,0.0,0.0,0.0,0.0,0.0,0.0,0.0,0.0,0.0,20826597.0,0.0,460.0,0.0,0.0,0.0,0.0,0.0,0.0,6.0,0.0,0.0,0.0,0.0,0.0,0.0,0.0,0.0,0.0,0.0,0.0,0.0,0.0,0.0,0.0,0.0,0.0,0.0,0.0,0.0,0.0,0.0,0.0,0.0,0.0,0.0,0.0,726.0,0.0,0.0,0.0,0.0,0.0,0.0,0.0,0.0,0.0,0.0,9.0,0.0,0.0,0.0,0.0,0.0,0.0,0.0,0.0,0.0,0.0,0.0,0.0,726.0,0.0,0.0,0.0,0.0,0.0,0.0,0.0,0.0,0.0,0.0,9.0,0.0,5534193.0,0.0,0.0,0.0,0.0,0.0,0.0,42657.0,0.0,63448137.875,421609.75,0.7070793297073156,174556.25,./start.sh big_ruleset,./stop.sh,1.0,"0, 1",,4096,,tcpreplay -i data -tK --loop 1000 --preload-pcap /pcaps/bigFlows.pcap,./stop.sh,,14,,1024,,,./stop.sh,,15,,1024,,0,30,20.0.0.1/24,ns:input,mpeuster/tng-bench-mp,mp.input,20.0.0.254/24,ns:output,mpeuster/tng-bench-mp,mp.output,19
20,suricata_performance_cpu_cores_memory_00020,0.0,0.0,1116.0,0.0,0.0,0.0,0.0,0.0,0.0,0.0,0.0,0.0,0.0,14.0,0.0,9216531000.0,0.0,0.0,0.0,0.0,0.0,0.0,14261000.0,0.0,0.0,0.0,656.0,0.0,0.0,0.0,0.0,0.0,0.0,0.0,0.0,0.0,0.0,8.0,0.0,0.0,0.0,0.0,0.0,0.0,0.0,0.0,0.0,0.0,0.0,0.0,0.0,0.0,0.0,0.0,0.0,0.0,0.0,0.0,0.0,0.0,0.0,0.0,0.0,0.0,0.0,0.0,0.0,0.0,0.0,0.0,0.0,0.0,0.0,0.0,11332140.0,0.0,0.0,0.0,0.0,0.0,0.0,0.0,0.0,0.0,0.0,89020.0,0.0,0.0,0.0,0.0,0.0,0.0,0.0,0.0,0.0,0.0,0.0,0.0,906.0,0.0,0.0,0.0,0.0,0.0,0.0,0.0,0.0,0.0,0.0,11.0,0.0,0.0,0.0,0.0,0.0,0.0,0.0,0.0,0.0,0.0,0.0,0.0,0.0,0.0,0.0,0.0,0.0,0.0,0.0,0.0,0.0,0.0,0.0,0.0,0.0,0.0,0.0,0.0,0.0,0.0,0.0,0.0,0.0,0.0,0.0,0.0,7463115460.0,0.0,0.0,0.0,0.0,0.0,0.0,0.0,0.0,0.0,0.0,11823086.0,0.0,0.0,0.0,0.0,0.0,0.0,0.0,0.0,0.0,0.0,0.0,0.0,726.0,0.0,0.0,0.0,0.0,0.0,0.0,0.0,0.0,0.0,0.0,9.0,0.0,0.0,0.0,0.0,0.0,0.0,0.0,0.0,0.0,0.0,0.0,0.0,9216531726.0,0.0,0.0,0.0,0.0,0.0,0.0,0.0,0.0,0.0,0.0,14261009.0,0.0,460.0,0.0,0.0,0.0,0.0,0.0,0.0,6.0,0.0,0.0,0.0,0.0,0.0,0.0,0.0,0.0,0.0,0.0,0.0,0.0,0.0,0.0,0.0,0.0,0.0,0.0,0.0,0.0,0.0,0.0,0.0,0.0,0.0,0.0,0.0,726.0,0.0,0.0,0.0,0.0,0.0,0.0,0.0,0.0,0.0,0.0,9.0,0.0,0.0,0.0,0.0,0.0,0.0,0.0,0.0,0.0,0.0,0.0,0.0,726.0,0.0,0.0,0.0,0.0,0.0,0.0,0.0,0.0,0.0,0.0,9.0,0.0,11331414.0,0.0,0.0,0.0,0.0,0.0,0.0,89011.0,0.0,34798531.8,175198.2,0.7605316483390548,55510.0,./start.sh big_ruleset,./stop.sh,1.0,"0, 1, 2, 3",,2048,,tcpreplay -i data -tK --loop 1000 --preload-pcap /pcaps/smallFlows.pcap,./stop.sh,,14,,1024,,,./stop.sh,,15,,1024,,0,30,20.0.0.1/24,ns:input,mpeuster/tng-bench-mp,mp.input,20.0.0.254/24,ns:output,mpeuster/tng-bench-mp,mp.output,20
21,suricata_performance_cpu_cores_memory_00021,0.0,0.0,1116.0,0.0,0.0,0.0,0.0,0.0,0.0,0.0,0.0,0.0,0.0,14.0,0.0,8076113567.0,0.0,0.0,0.0,0.0,0.0,0.0,17991259.0,0.0,0.0,0.0,656.0,0.0,0.0,0.0,0.0,0.0,0.0,0.0,0.0,0.0,0.0,8.0,0.0,0.0,0.0,0.0,0.0,0.0,0.0,0.0,0.0,0.0,0.0,0.0,0.0,0.0,0.0,0.0,0.0,0.0,0.0,0.0,0.0,0.0,0.0,0.0,0.0,0.0,0.0,0.0,0.0,0.0,0.0,0.0,0.0,0.0,0.0,0.0,4905923.0,0.0,0.0,0.0,0.0,0.0,0.0,0.0,0.0,0.0,0.0,37783.0,0.0,0.0,0.0,0.0,0.0,0.0,0.0,0.0,0.0,0.0,0.0,0.0,906.0,0.0,0.0,0.0,0.0,0.0,0.0,0.0,0.0,0.0,0.0,11.0,0.0,0.0,0.0,0.0,0.0,0.0,0.0,0.0,0.0,0.0,0.0,0.0,0.0,0.0,0.0,0.0,0.0,0.0,0.0,0.0,0.0,0.0,0.0,0.0,0.0,0.0,0.0,0.0,0.0,0.0,0.0,0.0,0.0,0.0,0.0,0.0,7325528797.0,0.0,0.0,0.0,0.0,0.0,0.0,0.0,0.0,0.0,0.0,16909473.0,0.0,0.0,0.0,0.0,0.0,0.0,0.0,0.0,0.0,0.0,0.0,0.0,726.0,0.0,0.0,0.0,0.0,0.0,0.0,0.0,0.0,0.0,0.0,9.0,0.0,0.0,0.0,0.0,0.0,0.0,0.0,0.0,0.0,0.0,0.0,0.0,9019714724.0,0.0,0.0,0.0,0.0,0.0,0.0,0.0,0.0,0.0,0.0,20094871.0,0.0,460.0,0.0,0.0,0.0,0.0,0.0,0.0,6.0,0.0,0.0,0.0,0.0,0.0,0.0,0.0,0.0,0.0,0.0,0.0,0.0,0.0,0.0,0.0,0.0,0.0,0.0,0.0,0.0,0.0,0.0,0.0,0.0,0.0,0.0,0.0,726.0,0.0,0.0,0.0,0.0,0.0,0.0,0.0,0.0,0.0,0.0,9.0,0.0,0.0,0.0,0.0,0.0,0.0,0.0,0.0,0.0,0.0,0.0,0.0,726.0,0.0,0.0,0.0,0.0,0.0,0.0,0.0,0.0,0.0,0.0,9.0,0.0,5340768.0,0.0,0.0,0.0,0.0,0.0,0.0,41119.0,0.0,103865776.0,668714.5,0.7320119383117896,245589.5,./start.sh big_ruleset,./stop.sh,1.0,"0, 1, 2, 3",,2048,,tcpreplay -i data -tK --loop 1000 --preload-pcap /pcaps/bigFlows.pcap,./stop.sh,,14,,1024,,,./stop.sh,,15,,1024,,0,30,20.0.0.1/24,ns:input,mpeuster/tng-bench-mp,mp.input,20.0.0.254/24,ns:output,mpeuster/tng-bench-mp,mp.output,21
22,suricata_performance_cpu_cores_memory_00022,0.0,0.0,1116.0,0.0,0.0,0.0,0.0,0.0,0.0,0.0,0.0,0.0,0.0,14.0,0.0,9216531000.0,0.0,0.0,0.0,0.0,0.0,0.0,14261000.0,0.0,0.0,0.0,656.0,0.0,0.0,0.0,0.0,0.0,0.0,0.0,0.0,0.0,0.0,8.0,0.0,0.0,0.0,0.0,0.0,0.0,0.0,0.0,0.0,0.0,0.0,0.0,0.0,0.0,0.0,0.0,0.0,0.0,0.0,0.0,0.0,0.0,0.0,0.0,0.0,0.0,0.0,0.0,0.0,0.0,0.0,0.0,0.0,0.0,0.0,0.0,11331980.0,0.0,0.0,0.0,0.0,0.0,0.0,0.0,0.0,0.0,0.0,89018.0,0.0,0.0,0.0,0.0,0.0,0.0,0.0,0.0,0.0,0.0,0.0,0.0,906.0,0.0,0.0,0.0,0.0,0.0,0.0,0.0,0.0,0.0,0.0,11.0,0.0,0.0,0.0,0.0,0.0,0.0,0.0,0.0,0.0,0.0,0.0,0.0,0.0,0.0,0.0,0.0,0.0,0.0,0.0,0.0,0.0,0.0,0.0,0.0,0.0,0.0,0.0,0.0,0.0,0.0,0.0,0.0,0.0,0.0,0.0,0.0,7442664074.0,0.0,0.0,0.0,0.0,0.0,0.0,0.0,0.0,0.0,0.0,11790773.0,0.0,0.0,0.0,0.0,0.0,0.0,0.0,0.0,0.0,0.0,0.0,0.0,816.0,0.0,0.0,0.0,0.0,0.0,0.0,0.0,0.0,0.0,0.0,10.0,0.0,0.0,0.0,0.0,0.0,0.0,0.0,0.0,0.0,0.0,0.0,0.0,9216531726.0,0.0,0.0,0.0,0.0,0.0,0.0,0.0,0.0,0.0,0.0,14261009.0,0.0,460.0,0.0,0.0,0.0,0.0,0.0,0.0,6.0,0.0,0.0,0.0,0.0,0.0,0.0,0.0,0.0,0.0,0.0,0.0,0.0,0.0,0.0,0.0,0.0,0.0,0.0,0.0,0.0,0.0,0.0,0.0,0.0,0.0,0.0,0.0,726.0,0.0,0.0,0.0,0.0,0.0,0.0,0.0,0.0,0.0,0.0,9.0,0.0,0.0,0.0,0.0,0.0,0.0,0.0,0.0,0.0,0.0,0.0,0.0,726.0,0.0,0.0,0.0,0.0,0.0,0.0,0.0,0.0,0.0,0.0,9.0,0.0,11331254.0,0.0,0.0,0.0,0.0,0.0,0.0,89009.0,0.0,34025019.8,124625.2,0.6984676051664942,54106.8,./start.sh big_ruleset,./stop.sh,1.0,"0, 1, 2, 3",,4096,,tcpreplay -i data -tK --loop 1000 --preload-pcap /pcaps/smallFlows.pcap,./stop.sh,,14,,1024,,,./stop.sh,,15,,1024,,0,30,20.0.0.1/24,ns:input,mpeuster/tng-bench-mp,mp.input,20.0.0.254/24,ns:output,mpeuster/tng-bench-mp,mp.output,22
23,suricata_performance_cpu_cores_memory_00023,0.0,0.0,1186.0,0.0,0.0,0.0,0.0,0.0,0.0,0.0,0.0,0.0,0.0,15.0,0.0,8064249358.0,0.0,0.0,0.0,0.0,0.0,0.0,17959680.0,0.0,0.0,0.0,726.0,0.0,0.0,0.0,0.0,0.0,0.0,0.0,0.0,0.0,0.0,9.0,0.0,0.0,0.0,0.0,0.0,0.0,0.0,0.0,0.0,0.0,0.0,0.0,0.0,0.0,0.0,0.0,0.0,0.0,0.0,0.0,0.0,0.0,0.0,0.0,0.0,0.0,0.0,0.0,0.0,0.0,0.0,0.0,0.0,0.0,0.0,0.0,4835140.0,0.0,0.0,0.0,0.0,0.0,0.0,0.0,0.0,0.0,0.0,37279.0,0.0,0.0,0.0,0.0,0.0,0.0,0.0,0.0,0.0,0.0,0.0,0.0,906.0,0.0,0.0,0.0,0.0,0.0,0.0,0.0,0.0,0.0,0.0,11.0,0.0,0.0,0.0,0.0,0.0,0.0,0.0,0.0,0.0,0.0,0.0,0.0,0.0,0.0,0.0,0.0,0.0,0.0,0.0,0.0,0.0,0.0,0.0,0.0,0.0,0.0,0.0,0.0,0.0,0.0,0.0,0.0,0.0,0.0,0.0,0.0,7347160741.0,0.0,0.0,0.0,0.0,0.0,0.0,0.0,0.0,0.0,0.0,16960921.0,0.0,0.0,0.0,0.0,0.0,0.0,0.0,0.0,0.0,0.0,0.0,0.0,726.0,0.0,0.0,0.0,0.0,0.0,0.0,0.0,0.0,0.0,0.0,9.0,0.0,0.0,0.0,0.0,0.0,0.0,0.0,0.0,0.0,0.0,0.0,0.0,8872766223.0,0.0,0.0,0.0,0.0,0.0,0.0,0.0,0.0,0.0,0.0,19765619.0,0.0,460.0,0.0,0.0,0.0,0.0,0.0,0.0,6.0,0.0,0.0,0.0,0.0,0.0,0.0,0.0,0.0,0.0,0.0,0.0,0.0,0.0,0.0,0.0,0.0,0.0,0.0,0.0,0.0,0.0,0.0,0.0,0.0,0.0,0.0,0.0,726.0,0.0,0.0,0.0,0.0,0.0,0.0,0.0,0.0,0.0,0.0,9.0,0.0,0.0,0.0,0.0,0.0,0.0,0.0,0.0,0.0,0.0,0.0,0.0,726.0,0.0,0.0,0.0,0.0,0.0,0.0,0.0,0.0,0.0,0.0,9.0,0.0,5245897.0,0.0,0.0,0.0,0.0,0.0,0.0,40442.0,0.0,132797648.0,885511.0,0.7368745589625467,316704.0,./start.sh big_ruleset,./stop.sh,1.0,"0, 1, 2, 3",,4096,,tcpreplay -i data -tK --loop 1000 --preload-pcap /pcaps/bigFlows.pcap,./stop.sh,,14,,1024,,,./stop.sh,,15,,1024,,0,30,20.0.0.1/24,ns:input,mpeuster/tng-bench-mp,mp.input,20.0.0.254/24,ns:output,mpeuster/tng-bench-mp,mp.output,23
24,suricata_performance_cpu_cores_memory_00024,0.0,0.0,1186.0,0.0,0.0,0.0,0.0,0.0,0.0,0.0,0.0,0.0,0.0,15.0,0.0,9216531000.0,0.0,0.0,0.0,0.0,0.0,0.0,14261000.0,0.0,0.0,0.0,656.0,0.0,0.0,0.0,0.0,0.0,0.0,0.0,0.0,0.0,0.0,8.0,0.0,0.0,0.0,0.0,0.0,0.0,0.0,0.0,0.0,0.0,0.0,0.0,0.0,0.0,0.0,0.0,0.0,0.0,0.0,0.0,0.0,0.0,0.0,0.0,0.0,0.0,0.0,0.0,0.0,0.0,0.0,0.0,0.0,0.0,0.0,0.0,11332070.0,0.0,0.0,0.0,0.0,0.0,0.0,0.0,0.0,0.0,0.0,89019.0,0.0,0.0,0.0,0.0,0.0,0.0,0.0,0.0,0.0,0.0,0.0,0.0,906.0,0.0,0.0,0.0,0.0,0.0,0.0,0.0,0.0,0.0,0.0,11.0,0.0,0.0,0.0,0.0,0.0,0.0,0.0,0.0,0.0,0.0,0.0,0.0,0.0,0.0,0.0,0.0,0.0,0.0,0.0,0.0,0.0,0.0,0.0,0.0,0.0,0.0,0.0,0.0,0.0,0.0,0.0,0.0,0.0,0.0,0.0,0.0,8077752.0,0.0,0.0,0.0,0.0,0.0,0.0,0.0,0.0,0.0,0.0,59012.0,0.0,0.0,0.0,0.0,0.0,0.0,0.0,0.0,0.0,0.0,0.0,0.0,726.0,0.0,0.0,0.0,0.0,0.0,0.0,0.0,0.0,0.0,0.0,9.0,0.0,0.0,0.0,0.0,0.0,0.0,0.0,0.0,0.0,0.0,0.0,0.0,9216531726.0,0.0,0.0,0.0,0.0,0.0,0.0,0.0,0.0,0.0,0.0,14261009.0,0.0,460.0,0.0,0.0,0.0,0.0,0.0,0.0,6.0,0.0,0.0,0.0,0.0,0.0,0.0,0.0,0.0,0.0,0.0,0.0,0.0,0.0,0.0,0.0,0.0,0.0,0.0,0.0,0.0,0.0,0.0,0.0,0.0,0.0,0.0,0.0,726.0,0.0,0.0,0.0,0.0,0.0,0.0,0.0,0.0,0.0,0.0,9.0,0.0,0.0,0.0,0.0,0.0,0.0,0.0,0.0,0.0,0.0,0.0,0.0,726.0,0.0,0.0,0.0,0.0,0.0,0.0,0.0,0.0,0.0,0.0,9.0,0.0,11331414.0,0.0,0.0,0.0,0.0,0.0,0.0,89011.0,0.0,,,,,./start.sh empty,./stop.sh,1.0,0,,2048,,tcpreplay -i data -tK --loop 1000 --preload-pcap /pcaps/smallFlows.pcap,./stop.sh,,14,,1024,,,./stop.sh,,15,,1024,,0,30,20.0.0.1/24,ns:input,mpeuster/tng-bench-mp,mp.input,20.0.0.254/24,ns:output,mpeuster/tng-bench-mp,mp.output,24
25,suricata_performance_cpu_cores_memory_00025,0.0,0.0,1116.0,0.0,0.0,0.0,0.0,0.0,0.0,0.0,0.0,0.0,0.0,14.0,0.0,10185239633.0,0.0,0.0,0.0,0.0,0.0,0.0,22677655.0,0.0,0.0,0.0,726.0,0.0,0.0,0.0,0.0,0.0,0.0,0.0,0.0,0.0,0.0,9.0,0.0,0.0,0.0,0.0,0.0,0.0,0.0,0.0,0.0,0.0,0.0,0.0,0.0,0.0,0.0,0.0,0.0,0.0,0.0,0.0,0.0,0.0,0.0,0.0,0.0,0.0,0.0,0.0,0.0,0.0,0.0,0.0,0.0,0.0,0.0,0.0,6211985.0,0.0,0.0,0.0,0.0,0.0,0.0,0.0,0.0,0.0,0.0,47899.0,0.0,0.0,0.0,0.0,0.0,0.0,0.0,0.0,0.0,0.0,0.0,0.0,906.0,0.0,0.0,0.0,0.0,0.0,0.0,0.0,0.0,0.0,0.0,11.0,0.0,0.0,0.0,0.0,0.0,0.0,0.0,0.0,0.0,0.0,0.0,0.0,0.0,0.0,0.0,0.0,0.0,0.0,0.0,0.0,0.0,0.0,0.0,0.0,0.0,0.0,0.0,0.0,0.0,0.0,0.0,0.0,0.0,0.0,0.0,0.0,6047758.0,0.0,0.0,0.0,0.0,0.0,0.0,0.0,0.0,0.0,0.0,52427.0,0.0,0.0,0.0,0.0,0.0,0.0,0.0,0.0,0.0,0.0,0.0,0.0,816.0,0.0,0.0,0.0,0.0,0.0,0.0,0.0,0.0,0.0,0.0,10.0,0.0,0.0,0.0,0.0,0.0,0.0,0.0,0.0,0.0,0.0,0.0,0.0,11601096256.0,0.0,0.0,0.0,0.0,0.0,0.0,0.0,0.0,0.0,0.0,25830998.0,0.0,460.0,0.0,0.0,0.0,0.0,0.0,0.0,6.0,0.0,0.0,0.0,0.0,0.0,0.0,0.0,0.0,0.0,0.0,0.0,0.0,0.0,0.0,0.0,0.0,0.0,0.0,0.0,0.0,0.0,0.0,0.0,0.0,0.0,0.0,0.0,726.0,0.0,0.0,0.0,0.0,0.0,0.0,0.0,0.0,0.0,0.0,9.0,0.0,0.0,0.0,0.0,0.0,0.0,0.0,0.0,0.0,0.0,0.0,0.0,726.0,0.0,0.0,0.0,0.0,0.0,0.0,0.0,0.0,0.0,0.0,9.0,0.0,6846121.0,0.0,0.0,0.0,0.0,0.0,0.0,52781.0,0.0,,,,,./start.sh empty,./stop.sh,1.0,0,,2048,,tcpreplay -i data -tK --loop 1000 --preload-pcap /pcaps/bigFlows.pcap,./stop.sh,,14,,1024,,,./stop.sh,,15,,1024,,0,30,20.0.0.1/24,ns:input,mpeuster/tng-bench-mp,mp.input,20.0.0.254/24,ns:output,mpeuster/tng-bench-mp,mp.output,25
26,suricata_performance_cpu_cores_memory_00026,0.0,0.0,1186.0,0.0,0.0,0.0,0.0,0.0,0.0,0.0,0.0,0.0,0.0,15.0,0.0,9216531000.0,0.0,0.0,0.0,0.0,0.0,0.0,14261000.0,0.0,0.0,0.0,726.0,0.0,0.0,0.0,0.0,0.0,0.0,0.0,0.0,0.0,0.0,9.0,0.0,0.0,0.0,0.0,0.0,0.0,0.0,0.0,0.0,0.0,0.0,0.0,0.0,0.0,0.0,0.0,0.0,0.0,0.0,0.0,0.0,0.0,0.0,0.0,0.0,0.0,0.0,0.0,0.0,0.0,0.0,0.0,0.0,0.0,0.0,0.0,11331477.0,0.0,0.0,0.0,0.0,0.0,0.0,0.0,0.0,0.0,0.0,89018.0,0.0,0.0,0.0,0.0,0.0,0.0,0.0,0.0,0.0,0.0,0.0,0.0,906.0,0.0,0.0,0.0,0.0,0.0,0.0,0.0,0.0,0.0,0.0,11.0,0.0,0.0,0.0,0.0,0.0,0.0,0.0,0.0,0.0,0.0,0.0,0.0,0.0,0.0,0.0,0.0,0.0,0.0,0.0,0.0,0.0,0.0,0.0,0.0,0.0,0.0,0.0,0.0,0.0,0.0,0.0,0.0,0.0,0.0,0.0,0.0,8077620.0,0.0,0.0,0.0,0.0,0.0,0.0,0.0,0.0,0.0,0.0,59010.0,0.0,0.0,0.0,0.0,0.0,0.0,0.0,0.0,0.0,0.0,0.0,0.0,726.0,0.0,0.0,0.0,0.0,0.0,0.0,0.0,0.0,0.0,0.0,9.0,0.0,0.0,0.0,0.0,0.0,0.0,0.0,0.0,0.0,0.0,0.0,0.0,9216531726.0,0.0,0.0,0.0,0.0,0.0,0.0,0.0,0.0,0.0,0.0,14261009.0,0.0,460.0,0.0,0.0,0.0,0.0,0.0,0.0,6.0,0.0,0.0,0.0,0.0,0.0,0.0,0.0,0.0,0.0,0.0,0.0,0.0,0.0,0.0,0.0,0.0,0.0,0.0,0.0,0.0,0.0,0.0,0.0,0.0,0.0,0.0,0.0,726.0,0.0,0.0,0.0,0.0,0.0,0.0,0.0,0.0,0.0,0.0,9.0,0.0,0.0,0.0,0.0,0.0,0.0,0.0,0.0,0.0,0.0,0.0,0.0,726.0,0.0,0.0,0.0,0.0,0.0,0.0,0.0,0.0,0.0,0.0,9.0,0.0,11330821.0,0.0,0.0,0.0,0.0,0.0,0.0,89010.0,0.0,,,,,./start.sh empty,./stop.sh,1.0,0,,4096,,tcpreplay -i data -tK --loop 1000 --preload-pcap /pcaps/smallFlows.pcap,./stop.sh,,14,,1024,,,./stop.sh,,15,,1024,,0,30,20.0.0.1/24,ns:input,mpeuster/tng-bench-mp,mp.input,20.0.0.254/24,ns:output,mpeuster/tng-bench-mp,mp.output,26
27,suricata_performance_cpu_cores_memory_00027,0.0,0.0,1046.0,0.0,0.0,0.0,0.0,0.0,0.0,0.0,0.0,0.0,0.0,13.0,0.0,10096492531.0,0.0,0.0,0.0,0.0,0.0,0.0,22490207.0,0.0,0.0,0.0,726.0,0.0,0.0,0.0,0.0,0.0,0.0,0.0,0.0,0.0,0.0,9.0,0.0,0.0,0.0,0.0,0.0,0.0,0.0,0.0,0.0,0.0,0.0,0.0,0.0,0.0,0.0,0.0,0.0,0.0,0.0,0.0,0.0,0.0,0.0,0.0,0.0,0.0,0.0,0.0,0.0,0.0,0.0,0.0,0.0,0.0,0.0,0.0,6120415.0,0.0,0.0,0.0,0.0,0.0,0.0,0.0,0.0,0.0,0.0,47178.0,0.0,0.0,0.0,0.0,0.0,0.0,0.0,0.0,0.0,0.0,0.0,0.0,906.0,0.0,0.0,0.0,0.0,0.0,0.0,0.0,0.0,0.0,0.0,11.0,0.0,0.0,0.0,0.0,0.0,0.0,0.0,0.0,0.0,0.0,0.0,0.0,0.0,0.0,0.0,0.0,0.0,0.0,0.0,0.0,0.0,0.0,0.0,0.0,0.0,0.0,0.0,0.0,0.0,0.0,0.0,0.0,0.0,0.0,0.0,0.0,5957067.0,0.0,0.0,0.0,0.0,0.0,0.0,0.0,0.0,0.0,0.0,51651.0,0.0,0.0,0.0,0.0,0.0,0.0,0.0,0.0,0.0,0.0,0.0,0.0,726.0,0.0,0.0,0.0,0.0,0.0,0.0,0.0,0.0,0.0,0.0,9.0,0.0,0.0,0.0,0.0,0.0,0.0,0.0,0.0,0.0,0.0,0.0,0.0,11394889148.0,0.0,0.0,0.0,0.0,0.0,0.0,0.0,0.0,0.0,0.0,25386520.0,0.0,460.0,0.0,0.0,0.0,0.0,0.0,0.0,6.0,0.0,0.0,0.0,0.0,0.0,0.0,0.0,0.0,0.0,0.0,0.0,0.0,0.0,0.0,0.0,0.0,0.0,0.0,0.0,0.0,0.0,0.0,0.0,0.0,0.0,0.0,0.0,726.0,0.0,0.0,0.0,0.0,0.0,0.0,0.0,0.0,0.0,0.0,9.0,0.0,0.0,0.0,0.0,0.0,0.0,0.0,0.0,0.0,0.0,0.0,0.0,726.0,0.0,0.0,0.0,0.0,0.0,0.0,0.0,0.0,0.0,0.0,9.0,0.0,6746169.0,0.0,0.0,0.0,0.0,0.0,0.0,52002.0,0.0,,,,,./start.sh empty,./stop.sh,1.0,0,,4096,,tcpreplay -i data -tK --loop 1000 --preload-pcap /pcaps/bigFlows.pcap,./stop.sh,,14,,1024,,,./stop.sh,,15,,1024,,0,30,20.0.0.1/24,ns:input,mpeuster/tng-bench-mp,mp.input,20.0.0.254/24,ns:output,mpeuster/tng-bench-mp,mp.output,27
28,suricata_performance_cpu_cores_memory_00028,0.0,0.0,1046.0,0.0,0.0,0.0,0.0,0.0,0.0,0.0,0.0,0.0,0.0,13.0,0.0,9216531000.0,0.0,0.0,0.0,0.0,0.0,0.0,14261000.0,0.0,0.0,0.0,726.0,0.0,0.0,0.0,0.0,0.0,0.0,0.0,0.0,0.0,0.0,9.0,0.0,0.0,0.0,0.0,0.0,0.0,0.0,0.0,0.0,0.0,0.0,0.0,0.0,0.0,0.0,0.0,0.0,0.0,0.0,0.0,0.0,0.0,0.0,0.0,0.0,0.0,0.0,0.0,0.0,0.0,0.0,0.0,0.0,0.0,0.0,0.0,11332140.0,0.0,0.0,0.0,0.0,0.0,0.0,0.0,0.0,0.0,0.0,89020.0,0.0,0.0,0.0,0.0,0.0,0.0,0.0,0.0,0.0,0.0,0.0,0.0,906.0,0.0,0.0,0.0,0.0,0.0,0.0,0.0,0.0,0.0,0.0,11.0,0.0,0.0,0.0,0.0,0.0,0.0,0.0,0.0,0.0,0.0,0.0,0.0,0.0,0.0,0.0,0.0,0.0,0.0,0.0,0.0,0.0,0.0,0.0,0.0,0.0,0.0,0.0,0.0,0.0,0.0,0.0,0.0,0.0,0.0,0.0,0.0,8077752.0,0.0,0.0,0.0,0.0,0.0,0.0,0.0,0.0,0.0,0.0,59012.0,0.0,0.0,0.0,0.0,0.0,0.0,0.0,0.0,0.0,0.0,0.0,0.0,816.0,0.0,0.0,0.0,0.0,0.0,0.0,0.0,0.0,0.0,0.0,10.0,0.0,0.0,0.0,0.0,0.0,0.0,0.0,0.0,0.0,0.0,0.0,0.0,9216531726.0,0.0,0.0,0.0,0.0,0.0,0.0,0.0,0.0,0.0,0.0,14261009.0,0.0,460.0,0.0,0.0,0.0,0.0,0.0,0.0,6.0,0.0,0.0,0.0,0.0,0.0,0.0,0.0,0.0,0.0,0.0,0.0,0.0,0.0,0.0,0.0,0.0,0.0,0.0,0.0,0.0,0.0,0.0,0.0,0.0,0.0,0.0,0.0,726.0,0.0,0.0,0.0,0.0,0.0,0.0,0.0,0.0,0.0,0.0,9.0,0.0,0.0,0.0,0.0,0.0,0.0,0.0,0.0,0.0,0.0,0.0,0.0,726.0,0.0,0.0,0.0,0.0,0.0,0.0,0.0,0.0,0.0,0.0,9.0,0.0,11331414.0,0.0,0.0,0.0,0.0,0.0,0.0,89011.0,0.0,,,,,./start.sh empty,./stop.sh,1.0,"0, 1",,2048,,tcpreplay -i data -tK --loop 1000 --preload-pcap /pcaps/smallFlows.pcap,./stop.sh,,14,,1024,,,./stop.sh,,15,,1024,,0,30,20.0.0.1/24,ns:input,mpeuster/tng-bench-mp,mp.input,20.0.0.254/24,ns:output,mpeuster/tng-bench-mp,mp.output,28
29,suricata_performance_cpu_cores_memory_00029,0.0,0.0,1186.0,0.0,0.0,0.0,0.0,0.0,0.0,0.0,0.0,0.0,0.0,15.0,0.0,10109952764.0,0.0,0.0,0.0,0.0,0.0,0.0,22517287.0,0.0,0.0,0.0,726.0,0.0,0.0,0.0,0.0,0.0,0.0,0.0,0.0,0.0,0.0,9.0,0.0,0.0,0.0,0.0,0.0,0.0,0.0,0.0,0.0,0.0,0.0,0.0,0.0,0.0,0.0,0.0,0.0,0.0,0.0,0.0,0.0,0.0,0.0,0.0,0.0,0.0,0.0,0.0,0.0,0.0,0.0,0.0,0.0,0.0,0.0,0.0,6020998.0,0.0,0.0,0.0,0.0,0.0,0.0,0.0,0.0,0.0,0.0,46421.0,0.0,0.0,0.0,0.0,0.0,0.0,0.0,0.0,0.0,0.0,0.0,0.0,906.0,0.0,0.0,0.0,0.0,0.0,0.0,0.0,0.0,0.0,0.0,11.0,0.0,0.0,0.0,0.0,0.0,0.0,0.0,0.0,0.0,0.0,0.0,0.0,0.0,0.0,0.0,0.0,0.0,0.0,0.0,0.0,0.0,0.0,0.0,0.0,0.0,0.0,0.0,0.0,0.0,0.0,0.0,0.0,0.0,0.0,0.0,0.0,5740507.0,0.0,0.0,0.0,0.0,0.0,0.0,0.0,0.0,0.0,0.0,49756.0,0.0,0.0,0.0,0.0,0.0,0.0,0.0,0.0,0.0,0.0,0.0,0.0,726.0,0.0,0.0,0.0,0.0,0.0,0.0,0.0,0.0,0.0,0.0,9.0,0.0,0.0,0.0,0.0,0.0,0.0,0.0,0.0,0.0,0.0,0.0,0.0,10999601196.0,0.0,0.0,0.0,0.0,0.0,0.0,0.0,0.0,0.0,0.0,24504101.0,0.0,460.0,0.0,0.0,0.0,0.0,0.0,0.0,6.0,0.0,0.0,0.0,0.0,0.0,0.0,0.0,0.0,0.0,0.0,0.0,0.0,0.0,0.0,0.0,0.0,0.0,0.0,0.0,0.0,0.0,0.0,0.0,0.0,0.0,0.0,0.0,726.0,0.0,0.0,0.0,0.0,0.0,0.0,0.0,0.0,0.0,0.0,9.0,0.0,0.0,0.0,0.0,0.0,0.0,0.0,0.0,0.0,0.0,0.0,0.0,726.0,0.0,0.0,0.0,0.0,0.0,0.0,0.0,0.0,0.0,0.0,9.0,0.0,6499136.0,0.0,0.0,0.0,0.0,0.0,0.0,50101.0,0.0,,,,,./start.sh empty,./stop.sh,1.0,"0, 1",,2048,,tcpreplay -i data -tK --loop 1000 --preload-pcap /pcaps/bigFlows.pcap,./stop.sh,,14,,1024,,,./stop.sh,,15,,1024,,0,30,20.0.0.1/24,ns:input,mpeuster/tng-bench-mp,mp.input,20.0.0.254/24,ns:output,mpeuster/tng-bench-mp,mp.output,29
30,suricata_performance_cpu_cores_memory_00030,0.0,0.0,1186.0,0.0,0.0,0.0,0.0,0.0,0.0,0.0,0.0,0.0,0.0,15.0,0.0,9216531000.0,0.0,0.0,0.0,0.0,0.0,0.0,14261000.0,0.0,0.0,0.0,726.0,0.0,0.0,0.0,0.0,0.0,0.0,0.0,0.0,0.0,0.0,9.0,0.0,0.0,0.0,0.0,0.0,0.0,0.0,0.0,0.0,0.0,0.0,0.0,0.0,0.0,0.0,0.0,0.0,0.0,0.0,0.0,0.0,0.0,0.0,0.0,0.0,0.0,0.0,0.0,0.0,0.0,0.0,0.0,0.0,0.0,0.0,0.0,11330756.0,0.0,0.0,0.0,0.0,0.0,0.0,0.0,0.0,0.0,0.0,89020.0,0.0,0.0,0.0,0.0,0.0,0.0,0.0,0.0,0.0,0.0,0.0,0.0,906.0,0.0,0.0,0.0,0.0,0.0,0.0,0.0,0.0,0.0,0.0,11.0,0.0,0.0,0.0,0.0,0.0,0.0,0.0,0.0,0.0,0.0,0.0,0.0,0.0,0.0,0.0,0.0,0.0,0.0,0.0,0.0,0.0,0.0,0.0,0.0,0.0,0.0,0.0,0.0,0.0,0.0,0.0,0.0,0.0,0.0,0.0,0.0,8077752.0,0.0,0.0,0.0,0.0,0.0,0.0,0.0,0.0,0.0,0.0,59012.0,0.0,0.0,0.0,0.0,0.0,0.0,0.0,0.0,0.0,0.0,0.0,0.0,726.0,0.0,0.0,0.0,0.0,0.0,0.0,0.0,0.0,0.0,0.0,9.0,0.0,0.0,0.0,0.0,0.0,0.0,0.0,0.0,0.0,0.0,0.0,0.0,9216531726.0,0.0,0.0,0.0,0.0,0.0,0.0,0.0,0.0,0.0,0.0,14261009.0,0.0,460.0,0.0,0.0,0.0,0.0,0.0,0.0,6.0,0.0,0.0,0.0,0.0,0.0,0.0,0.0,0.0,0.0,0.0,0.0,0.0,0.0,0.0,0.0,0.0,0.0,0.0,0.0,0.0,0.0,0.0,0.0,0.0,0.0,0.0,0.0,726.0,0.0,0.0,0.0,0.0,0.0,0.0,0.0,0.0,0.0,0.0,9.0,0.0,0.0,0.0,0.0,0.0,0.0,0.0,0.0,0.0,0.0,0.0,0.0,726.0,0.0,0.0,0.0,0.0,0.0,0.0,0.0,0.0,0.0,0.0,9.0,0.0,11330030.0,0.0,0.0,0.0,0.0,0.0,0.0,89011.0,0.0,,,,,./start.sh empty,./stop.sh,1.0,"0, 1",,4096,,tcpreplay -i data -tK --loop 1000 --preload-pcap /pcaps/smallFlows.pcap,./stop.sh,,14,,1024,,,./stop.sh,,15,,1024,,0,30,20.0.0.1/24,ns:input,mpeuster/tng-bench-mp,mp.input,20.0.0.254/24,ns:output,mpeuster/tng-bench-mp,mp.output,30
31,suricata_performance_cpu_cores_memory_00031,0.0,0.0,1116.0,0.0,0.0,0.0,0.0,0.0,0.0,0.0,0.0,0.0,0.0,14.0,0.0,10185160030.0,0.0,0.0,0.0,0.0,0.0,0.0,22677173.0,0.0,0.0,0.0,656.0,0.0,0.0,0.0,0.0,0.0,0.0,0.0,0.0,0.0,0.0,8.0,0.0,0.0,0.0,0.0,0.0,0.0,0.0,0.0,0.0,0.0,0.0,0.0,0.0,0.0,0.0,0.0,0.0,0.0,0.0,0.0,0.0,0.0,0.0,0.0,0.0,0.0,0.0,0.0,0.0,0.0,0.0,0.0,0.0,0.0,0.0,0.0,6203882.0,0.0,0.0,0.0,0.0,0.0,0.0,0.0,0.0,0.0,0.0,47848.0,0.0,0.0,0.0,0.0,0.0,0.0,0.0,0.0,0.0,0.0,0.0,0.0,906.0,0.0,0.0,0.0,0.0,0.0,0.0,0.0,0.0,0.0,0.0,11.0,0.0,0.0,0.0,0.0,0.0,0.0,0.0,0.0,0.0,0.0,0.0,0.0,0.0,0.0,0.0,0.0,0.0,0.0,0.0,0.0,0.0,0.0,0.0,0.0,0.0,0.0,0.0,0.0,0.0,0.0,0.0,0.0,0.0,0.0,0.0,0.0,6034420.0,0.0,0.0,0.0,0.0,0.0,0.0,0.0,0.0,0.0,0.0,52323.0,0.0,0.0,0.0,0.0,0.0,0.0,0.0,0.0,0.0,0.0,0.0,0.0,726.0,0.0,0.0,0.0,0.0,0.0,0.0,0.0,0.0,0.0,0.0,9.0,0.0,0.0,0.0,0.0,0.0,0.0,0.0,0.0,0.0,0.0,0.0,0.0,11561640243.0,0.0,0.0,0.0,0.0,0.0,0.0,0.0,0.0,0.0,0.0,25747997.0,0.0,460.0,0.0,0.0,0.0,0.0,0.0,0.0,6.0,0.0,0.0,0.0,0.0,0.0,0.0,0.0,0.0,0.0,0.0,0.0,0.0,0.0,0.0,0.0,0.0,0.0,0.0,0.0,0.0,0.0,0.0,0.0,0.0,0.0,0.0,0.0,726.0,0.0,0.0,0.0,0.0,0.0,0.0,0.0,0.0,0.0,0.0,9.0,0.0,0.0,0.0,0.0,0.0,0.0,0.0,0.0,0.0,0.0,0.0,0.0,726.0,0.0,0.0,0.0,0.0,0.0,0.0,0.0,0.0,0.0,0.0,9.0,0.0,6830229.0,0.0,0.0,0.0,0.0,0.0,0.0,52676.0,0.0,,,,,./start.sh empty,./stop.sh,1.0,"0, 1",,4096,,tcpreplay -i data -tK --loop 1000 --preload-pcap /pcaps/bigFlows.pcap,./stop.sh,,14,,1024,,,./stop.sh,,15,,1024,,0,30,20.0.0.1/24,ns:input,mpeuster/tng-bench-mp,mp.input,20.0.0.254/24,ns:output,mpeuster/tng-bench-mp,mp.output,31
32,suricata_performance_cpu_cores_memory_00032,0.0,0.0,1186.0,0.0,0.0,0.0,0.0,0.0,0.0,0.0,0.0,0.0,0.0,15.0,0.0,9216531000.0,0.0,0.0,0.0,0.0,0.0,0.0,14261000.0,0.0,0.0,0.0,656.0,0.0,0.0,0.0,0.0,0.0,0.0,0.0,0.0,0.0,0.0,8.0,0.0,0.0,0.0,0.0,0.0,0.0,0.0,0.0,0.0,0.0,0.0,0.0,0.0,0.0,0.0,0.0,0.0,0.0,0.0,0.0,0.0,0.0,0.0,0.0,0.0,0.0,0.0,0.0,0.0,0.0,0.0,0.0,0.0,0.0,0.0,0.0,11331707.0,0.0,0.0,0.0,0.0,0.0,0.0,0.0,0.0,0.0,0.0,89021.0,0.0,0.0,0.0,0.0,0.0,0.0,0.0,0.0,0.0,0.0,0.0,0.0,906.0,0.0,0.0,0.0,0.0,0.0,0.0,0.0,0.0,0.0,0.0,11.0,0.0,0.0,0.0,0.0,0.0,0.0,0.0,0.0,0.0,0.0,0.0,0.0,0.0,0.0,0.0,0.0,0.0,0.0,0.0,0.0,0.0,0.0,0.0,0.0,0.0,0.0,0.0,0.0,0.0,0.0,0.0,0.0,0.0,0.0,0.0,0.0,8077752.0,0.0,0.0,0.0,0.0,0.0,0.0,0.0,0.0,0.0,0.0,59012.0,0.0,0.0,0.0,0.0,0.0,0.0,0.0,0.0,0.0,0.0,0.0,0.0,726.0,0.0,0.0,0.0,0.0,0.0,0.0,0.0,0.0,0.0,0.0,9.0,0.0,0.0,0.0,0.0,0.0,0.0,0.0,0.0,0.0,0.0,0.0,0.0,9216531726.0,0.0,0.0,0.0,0.0,0.0,0.0,0.0,0.0,0.0,0.0,14261009.0,0.0,460.0,0.0,0.0,0.0,0.0,0.0,0.0,6.0,0.0,0.0,0.0,0.0,0.0,0.0,0.0,0.0,0.0,0.0,0.0,0.0,0.0,0.0,0.0,0.0,0.0,0.0,0.0,0.0,0.0,0.0,0.0,0.0,0.0,0.0,0.0,726.0,0.0,0.0,0.0,0.0,0.0,0.0,0.0,0.0,0.0,0.0,9.0,0.0,0.0,0.0,0.0,0.0,0.0,0.0,0.0,0.0,0.0,0.0,0.0,726.0,0.0,0.0,0.0,0.0,0.0,0.0,0.0,0.0,0.0,0.0,9.0,0.0,11330981.0,0.0,0.0,0.0,0.0,0.0,0.0,89012.0,0.0,,,,,./start.sh empty,./stop.sh,1.0,"0, 1, 2, 3",,2048,,tcpreplay -i data -tK --loop 1000 --preload-pcap /pcaps/smallFlows.pcap,./stop.sh,,14,,1024,,,./stop.sh,,15,,1024,,0,30,20.0.0.1/24,ns:input,mpeuster/tng-bench-mp,mp.input,20.0.0.254/24,ns:output,mpeuster/tng-bench-mp,mp.output,32
33,suricata_performance_cpu_cores_memory_00033,0.0,0.0,1186.0,0.0,0.0,0.0,0.0,0.0,0.0,0.0,0.0,0.0,0.0,15.0,0.0,10211511612.0,0.0,0.0,0.0,0.0,0.0,0.0,22747805.0,0.0,0.0,0.0,726.0,0.0,0.0,0.0,0.0,0.0,0.0,0.0,0.0,0.0,0.0,9.0,0.0,0.0,0.0,0.0,0.0,0.0,0.0,0.0,0.0,0.0,0.0,0.0,0.0,0.0,0.0,0.0,0.0,0.0,0.0,0.0,0.0,0.0,0.0,0.0,0.0,0.0,0.0,0.0,0.0,0.0,0.0,0.0,0.0,0.0,0.0,0.0,6232553.0,0.0,0.0,0.0,0.0,0.0,0.0,0.0,0.0,0.0,0.0,48024.0,0.0,0.0,0.0,0.0,0.0,0.0,0.0,0.0,0.0,0.0,0.0,0.0,906.0,0.0,0.0,0.0,0.0,0.0,0.0,0.0,0.0,0.0,0.0,11.0,0.0,0.0,0.0,0.0,0.0,0.0,0.0,0.0,0.0,0.0,0.0,0.0,0.0,0.0,0.0,0.0,0.0,0.0,0.0,0.0,0.0,0.0,0.0,0.0,0.0,0.0,0.0,0.0,0.0,0.0,0.0,0.0,0.0,0.0,0.0,0.0,5925327.0,0.0,0.0,0.0,0.0,0.0,0.0,0.0,0.0,0.0,0.0,51361.0,0.0,0.0,0.0,0.0,0.0,0.0,0.0,0.0,0.0,0.0,0.0,0.0,726.0,0.0,0.0,0.0,0.0,0.0,0.0,0.0,0.0,0.0,0.0,9.0,0.0,0.0,0.0,0.0,0.0,0.0,0.0,0.0,0.0,0.0,0.0,0.0,11355455499.0,0.0,0.0,0.0,0.0,0.0,0.0,0.0,0.0,0.0,0.0,25296657.0,0.0,460.0,0.0,0.0,0.0,0.0,0.0,0.0,6.0,0.0,0.0,0.0,0.0,0.0,0.0,0.0,0.0,0.0,0.0,0.0,0.0,0.0,0.0,0.0,0.0,0.0,0.0,0.0,0.0,0.0,0.0,0.0,0.0,0.0,0.0,0.0,726.0,0.0,0.0,0.0,0.0,0.0,0.0,0.0,0.0,0.0,0.0,9.0,0.0,0.0,0.0,0.0,0.0,0.0,0.0,0.0,0.0,0.0,0.0,0.0,726.0,0.0,0.0,0.0,0.0,0.0,0.0,0.0,0.0,0.0,0.0,9.0,0.0,6711492.0,0.0,0.0,0.0,0.0,0.0,0.0,51711.0,0.0,,,,,./start.sh empty,./stop.sh,1.0,"0, 1, 2, 3",,2048,,tcpreplay -i data -tK --loop 1000 --preload-pcap /pcaps/bigFlows.pcap,./stop.sh,,14,,1024,,,./stop.sh,,15,,1024,,0,30,20.0.0.1/24,ns:input,mpeuster/tng-bench-mp,mp.input,20.0.0.254/24,ns:output,mpeuster/tng-bench-mp,mp.output,33
34,suricata_performance_cpu_cores_memory_00034,0.0,0.0,1186.0,0.0,0.0,0.0,0.0,0.0,0.0,0.0,0.0,0.0,0.0,15.0,0.0,9216531000.0,0.0,0.0,0.0,0.0,0.0,0.0,14261000.0,0.0,0.0,0.0,726.0,0.0,0.0,0.0,0.0,0.0,0.0,0.0,0.0,0.0,0.0,9.0,0.0,0.0,0.0,0.0,0.0,0.0,0.0,0.0,0.0,0.0,0.0,0.0,0.0,0.0,0.0,0.0,0.0,0.0,0.0,0.0,0.0,0.0,0.0,0.0,0.0,0.0,0.0,0.0,0.0,0.0,0.0,0.0,0.0,0.0,0.0,0.0,11331547.0,0.0,0.0,0.0,0.0,0.0,0.0,0.0,0.0,0.0,0.0,89019.0,0.0,0.0,0.0,0.0,0.0,0.0,0.0,0.0,0.0,0.0,0.0,0.0,906.0,0.0,0.0,0.0,0.0,0.0,0.0,0.0,0.0,0.0,0.0,11.0,0.0,0.0,0.0,0.0,0.0,0.0,0.0,0.0,0.0,0.0,0.0,0.0,0.0,0.0,0.0,0.0,0.0,0.0,0.0,0.0,0.0,0.0,0.0,0.0,0.0,0.0,0.0,0.0,0.0,0.0,0.0,0.0,0.0,0.0,0.0,0.0,8077620.0,0.0,0.0,0.0,0.0,0.0,0.0,0.0,0.0,0.0,0.0,59010.0,0.0,0.0,0.0,0.0,0.0,0.0,0.0,0.0,0.0,0.0,0.0,0.0,726.0,0.0,0.0,0.0,0.0,0.0,0.0,0.0,0.0,0.0,0.0,9.0,0.0,0.0,0.0,0.0,0.0,0.0,0.0,0.0,0.0,0.0,0.0,0.0,9216531726.0,0.0,0.0,0.0,0.0,0.0,0.0,0.0,0.0,0.0,0.0,14261009.0,0.0,460.0,0.0,0.0,0.0,0.0,0.0,0.0,6.0,0.0,0.0,0.0,0.0,0.0,0.0,0.0,0.0,0.0,0.0,0.0,0.0,0.0,0.0,0.0,0.0,0.0,0.0,0.0,0.0,0.0,0.0,0.0,0.0,0.0,0.0,0.0,726.0,0.0,0.0,0.0,0.0,0.0,0.0,0.0,0.0,0.0,0.0,9.0,0.0,0.0,0.0,0.0,0.0,0.0,0.0,0.0,0.0,0.0,0.0,0.0,726.0,0.0,0.0,0.0,0.0,0.0,0.0,0.0,0.0,0.0,0.0,9.0,0.0,11330821.0,0.0,0.0,0.0,0.0,0.0,0.0,89010.0,0.0,,,,,./start.sh empty,./stop.sh,1.0,"0, 1, 2, 3",,4096,,tcpreplay -i data -tK --loop 1000 --preload-pcap /pcaps/smallFlows.pcap,./stop.sh,,14,,1024,,,./stop.sh,,15,,1024,,0,30,20.0.0.1/24,ns:input,mpeuster/tng-bench-mp,mp.input,20.0.0.254/24,ns:output,mpeuster/tng-bench-mp,mp.output,34
35,suricata_performance_cpu_cores_memory_00035,0.0,0.0,1116.0,0.0,0.0,0.0,0.0,0.0,0.0,0.0,0.0,0.0,0.0,14.0,0.0,9990194342.0,0.0,0.0,0.0,0.0,0.0,0.0,22254697.0,0.0,0.0,0.0,726.0,0.0,0.0,0.0,0.0,0.0,0.0,0.0,0.0,0.0,0.0,9.0,0.0,0.0,0.0,0.0,0.0,0.0,0.0,0.0,0.0,0.0,0.0,0.0,0.0,0.0,0.0,0.0,0.0,0.0,0.0,0.0,0.0,0.0,0.0,0.0,0.0,0.0,0.0,0.0,0.0,0.0,0.0,0.0,0.0,0.0,0.0,0.0,6017674.0,0.0,0.0,0.0,0.0,0.0,0.0,0.0,0.0,0.0,0.0,46391.0,0.0,0.0,0.0,0.0,0.0,0.0,0.0,0.0,0.0,0.0,0.0,0.0,906.0,0.0,0.0,0.0,0.0,0.0,0.0,0.0,0.0,0.0,0.0,11.0,0.0,0.0,0.0,0.0,0.0,0.0,0.0,0.0,0.0,0.0,0.0,0.0,0.0,0.0,0.0,0.0,0.0,0.0,0.0,0.0,0.0,0.0,0.0,0.0,0.0,0.0,0.0,0.0,0.0,0.0,0.0,0.0,0.0,0.0,0.0,0.0,5737715.0,0.0,0.0,0.0,0.0,0.0,0.0,0.0,0.0,0.0,0.0,49734.0,0.0,0.0,0.0,0.0,0.0,0.0,0.0,0.0,0.0,0.0,0.0,0.0,726.0,0.0,0.0,0.0,0.0,0.0,0.0,0.0,0.0,0.0,0.0,9.0,0.0,0.0,0.0,0.0,0.0,0.0,0.0,0.0,0.0,0.0,0.0,0.0,10990158373.0,0.0,0.0,0.0,0.0,0.0,0.0,0.0,0.0,0.0,0.0,24486975.0,0.0,460.0,0.0,0.0,0.0,0.0,0.0,0.0,6.0,0.0,0.0,0.0,0.0,0.0,0.0,0.0,0.0,0.0,0.0,0.0,0.0,0.0,0.0,0.0,0.0,0.0,0.0,0.0,0.0,0.0,0.0,0.0,0.0,0.0,0.0,0.0,726.0,0.0,0.0,0.0,0.0,0.0,0.0,0.0,0.0,0.0,0.0,9.0,0.0,0.0,0.0,0.0,0.0,0.0,0.0,0.0,0.0,0.0,0.0,0.0,726.0,0.0,0.0,0.0,0.0,0.0,0.0,0.0,0.0,0.0,0.0,9.0,0.0,6495530.0,0.0,0.0,0.0,0.0,0.0,0.0,50075.0,0.0,,,,,./start.sh empty,./stop.sh,1.0,"0, 1, 2, 3",,4096,,tcpreplay -i data -tK --loop 1000 --preload-pcap /pcaps/bigFlows.pcap,./stop.sh,,14,,1024,,,./stop.sh,,15,,1024,,0,30,20.0.0.1/24,ns:input,mpeuster/tng-bench-mp,mp.input,20.0.0.254/24,ns:output,mpeuster/tng-bench-mp,mp.output,35
